Sale,Series laptop,Kết nối không dây,Khối lượng,Bàn phím,Phụ kiện đi kèm,Màu sắc,CPU,Mô tả bảo hành,Màn hình,SKU,Lưu trữ,Chất liệu,Name,Nhu cầu,Thương hiệu,Cổng kết nối,Công suất pin,Ram,Bảo mật,Bảo hành,NPU (TOPS),Dung lượng RAM,Đèn laptop,Webcam,Hệ điều hành,Image,Dung lượng SSD,Kích thước,Pin,Chip đồ họa,Part-number,Cổng HDMI,Latest_Price,Tên,"Kích thước, khối lượng",Retail_Price,Công nghệ âm thanh
,ZenBook,"Wi-Fi 7 BE , Bluetooth 5.4",1.2 kg,"Bàn phím Chiclet với phím Copilot , không phím số , LED",,Trắng,"Intel® Core™ Ultra 7-258V ( 2.2 GHz - 4.8 GHz / 12MB / 8 nhân, 8 luồng ), Intel AI",,"14"" ( 2880 x 1800 ) 3K 16:10 , OLED , 120Hz , không cảm ứng , 500 nits , 100% DCI-P3 , Màn hình gương",241001006,1TB SSD M.2 NVMe ( 1 x M.2 NVMe ),,Laptop ASUS Zenbook S 14 UX5406SA-PV140WS (Ultra 7-258V/ RAM 32GB/ Onboard/ 1TB SSD/ Windows 11),Văn phòng,ASUS,"1 x USB 3.2
2 x Thunderbolt 4
Audio combo
1 x HDMI",,1 x 32GB LPDDR5x 8533MHz ( 1 Khe cắm / Hỗ trợ tối đa 32GB ),,24 tháng,Intel® AI Boost 47 TOPS,,không đèn,FHD webcam,Windows 11 Home SL,https://lh3.googleusercontent.com/B5svW_X10PrRetiNLpBkOrS3lpihaioY1vA-ccwK-FEPPugqCLJGT5DxTEogt5XGVsQ1IPRBXJdqhYMwgNJOgIKmsigoFUeKXQ=w500-rw,,31.03 x 21.47 x (1.19 ~ 1.29) cm,"4 cell 72 Wh , Pin liền",Onboard Intel® Arc™ Graphics,90NB14F2-M006L0,,44.990.000₫,Zenbook S 14 UX5406SA-PV140WS,,,Smart Amp Technology
4.879%,ROG,"WiFi 7 BE , Bluetooth 5.4",1.85 kg,"Bàn phím Chiclet với phím Copilot , không phím số , RGB",,Xám,"AMD Ryzen™ AI 9 HX 370 ( 5.1 GHz / 24MB / 12 nhân, 24 luồng ), AMD AI",,"16"" ( 2560 x 1600 ) WQXGA 16:10 , OLED , 240Hz , không cảm ứng , 100% sRGB , Màn hình gương , G-Sync",240803848,1TB SSD M.2 NVMe ( 2 x M.2 NVMe ),Kim loại,Laptop ASUS ROG Zephyrus G16 GA605WI 2024 (Ryzen AI 9 HX 370/RAM 32GB/GeForce RTX 4070/1TB SSD/ Windows 11 + Office),Gaming,ASUS,"2 x USB Type C / DisplayPort / Power Delivery
2 x USB 3.2
1 x SD card slot
Audio combo
1 x HDMI",,2 x 16GB Onbard LPDDR5 ( 1 Khe cắm,"Khuôn mặt - Bảo mật mật khẩu BIOS, TPM, Pluton, Secured-core PC (Level 3)",24 tháng,AMD XDNA™ lên đến 50TOPs,,không đèn,FHD webcam,Windows 11 Home SL + Office Home & Student 2021,https://lh3.googleusercontent.com/rhnInoJwklOz1V-J-K2BpXNM9P6rK6uR6SBiRVhmXneypI8Bm7E0RIyxgEYhhrcBS3de3OSLnwzzFa1q_2V33WsGqQjgbdge=w500-rw,,35.4 x 24.6 x 1.49 ~ 1.64 cm,"4 cell 90 Wh , Pin liền","GeForce RTX™ 4070 8GB GDDR6 AMD Radeon 890M ( 1655MHz , 105W , 321 AI TOPs )",90NR0J91-M008C0,,77.990.000₫,ROG Zephyrus G16 GA605WI-QR090WS,,81.990.000₫,Dolby Atmos
26.33%,VivoBook,"WiFi 802.11ac , Bluetooth 4.1",1.7 kg,"Bàn phím Chiclet , có phím số , không đèn",,Đen,"AMD Ryzen™ 5 7530U ( 2.0 GHz - 4.5 GHz / 16MB / 6 nhân, 12 luồng ), AMD",,"15.6"" ( 1920 x 1080 ) Full HD 16:9 , OLED , không cảm ứng , 600 nits , 100% DCI-P3",240302749,512GB SSD M.2 NVMe ( 1 x M.2 NVMe ),,Laptop ASUS Vivobook 15X Oled M3504YA-L1268W (Ryzen 5 7530U/ RAM 16GB/ Onboard/ 512GB SSD/ Windows 11),Văn phòng,ASUS,"1 x USB Type C / Power Delivery
2 x USB 3.2
1 x USB 2.0
Audio combo
1 x HDMI",,16GB (8GB + 8GB Onboard) DDR4,,24 tháng,,,không đèn,HD webcam,Windows 11 Home,https://lh3.googleusercontent.com/13dRGbTvaVuSu8hAJgHyjsW8M8NdPSa5g5BqqzdXktFWbSiC-ti2HN93ZJrc9rNU6HYSWc8jx07fyJpR7LPliCUTgu6Pi0VQ=w500-rw,,35.97 x 23.25 x 1.79 cm,"3 cell 50 Wh , Pin liền",Onboard AMD Radeon™ Graphics,90NB1181-M00530,,13.990.000₫,Vivobook 15X Oled M3504YA-L1268W,,18.990.000₫,Dolby Atmos
2.5%,Predator,"WiFi 802.11ax (Wifi 6) , Bluetooth 5.3",1.9 kg,"Bàn phím Chiclet với phím Copilot , không phím số , RGB","Adapter, dây nguồn, HDSD,…",Đen,"Intel® Core™ Ultra 9-185H ( 3.9 GHz - 5.1 GHz / 24MB / 16 nhân, 22 luồng ), Intel AI",,"14.5"" ( 3072 x 1920 ) WQXGA+ 16:10 , IPS , 165Hz , không cảm ứng , 400 nits , 100% sRGB , Acer ComfyView",240702562,1TB SSD M.2 NVMe ( 1 x M.2 NVMe ),Vỏ nhôm,Laptop ACER Predator Helios Neo 14 PHN14-51-96HG (Intel® Core™ Ultra 9-185H/ RAM 32GB/ GeForce RTX™ 4070/ 1TB SSD/ Windows 11),Gaming,ACER,"2 x USB 3.2
2 x Thunderbolt 4
1 x micro SD card slot
Audio combo
1 x HDMI",,32GB Onboard LPDDR5x 6400MHz ( 1 Khe cắm / Không nâng cấp được ),,12 tháng,Intel® AI Boost NPU,,không đèn,HD webcam,Windows 11 Home SL,https://lh3.googleusercontent.com/7jHct_F9d9bf7bgW8L6Qc9Oz4pc6a6e41PRBN5lPmeaRokuPI7ahLQ8mKtbsHd-4xFAkGoFcTMNYww7U7aVuL89ELLAJc8pIfQ=w500-rw,,324.12 x 255.35 x 19.52/20.90 mm,"4 cell 76 Wh , Pin liền",GeForce RTX™ 4070 8GB GDDR6 Intel® UHD Graphics,NH.QRNSV.001,,58.490.000₫,Predator Helios Neo 14 PHN14-51-96HG,,59.990.000₫,DTS X:Ultra Audio
5.557%,TUF Gaming,"WiFi 802.11ax (Wifi 6) , Bluetooth 5.3",1.5 kg,"Bàn phím Chiclet với phím Copilot , không phím số , LED",,Xám,"AMD Ryzen™ AI 9 HX 370 ( 5.1 GHz / 24MB / 12 nhân, 24 luồng ), AMD AI",,"14"" ( 2560 x 1600 ) WQXGA 16:10 , IPS , 165Hz , không cảm ứng , 400 nits , sRGB 100% , Màn hình chống lóa , G-Sync",240803849,1TB SSD M.2 NVMe ( 2 x M.2 NVMe ),Vỏ kim loại,Laptop ASUS TUF Gaming A14 2024 (Ryzen AI 9 HX 370/ RAM 16GB/ GeForce RTX 4060/ 1TB SSD/ Windows 11 + Office),Gaming,ASUS,"2 x USB Type C / DisplayPort / Power Delivery
2 x USB 3.2
1 x micro SD card slot
Audio combo
1 x HDMI",,2 x 8GB Onbard LPDDR5x 7500MHz ( 1 Khe cắm / Không nâng cấp được ),Khuôn mặt - Windows Hello Tính năng bảo vệ mật khẩu admin BIOS và mật khẩu người dùng; Bộ vi xử lý bảo mật Pluton; Công nghệ bảo mật Secured-core PC (mức 3),24 tháng,AMD XDNA™ lên đến 50TOPs,,không đèn,FHD webcam,Windows 11 Home SL + Office Home & Student 2021,https://lh3.googleusercontent.com/1RciKvL0xMAhghfgml9zjzxM2pmuqapOwpLqq7XvmxG9sxdUgDzKrfu0c6uens5ACesnNZ3ZXRnuJcme2KzKNTiYlaudfr09ig=w500-rw,,31.1 x 22.7 x 1.69 ~ 1.99 cm,"4 cell 73 Wh , Pin liền","GeForce RTX™ 4060 8GB GDDR6 AMD Radeon™ 890M ( 2225Mhz , 100W , up to 233 AI TOPs )",90NR0J41-M004D0,,42.490.000₫,TUF Gaming A14 FA401WV-RG062WS,,44.990.000₫,Dolby Atmos
17.399%,Aspire 7,"WiFi 802.11ax (Wifi 6) , Bluetooth 5.1",2.1 kg,"Bàn phím thường , có phím số , LED","Adapter, dây nguồn",Đen,"Intel® Core™ i5-12450H ( 2.0 GHz - 4.4 GHz / 12MB / 8 nhân, 12 luồng ), Non-EVO",,"15.6"" ( 1920 x 1080 ) Full HD 16:9 , IPS , 144Hz , không cảm ứng , Acer ComfyView",230703419,512GB SSD M.2 NVMe ( 2 x M.2 NVMe ),Nhôm,Laptop ACER Gaming Aspire 7 A715-76G-5806 (i5-12450H/ RAM 16GB/ GeForce RTX™ 3050/ 512GB SSD/ Windows 11),Gaming,ACER,"3 x USB 3.2
1 x Thunderbolt 4
Audio combo
1 x HDMI
LAN 1 Gb/s",,2 x 8GB DDR4 7500MHz ( 2 Khe cắm / Hỗ trợ tối đa 32GB ),Vân tay,12 tháng,,,không đèn,HD webcam,Windows 11 Home,https://lh3.googleusercontent.com/RmgcDSPB9S7E24ewRRjyD0CT7HbUkuhZKEF_DBt6SoHMsnKa8-V9C9xdx3Gk-ryBW0MpqIyv7z8kdMeOWdNIWyu0cAIuZszQ=w500-rw,,362.3 x 237.4 x 19.9 mm,"3 cell 50 Wh , Pin liền",GeForce RTX™ 3050 4GB GDDR6 Intel® UHD Graphics ( 1740 MHz,NH.QMFSV.002,,18.990.000₫,Gaming Aspire 7 A715-76G-5806,,22.990.000₫,Acer Purified Voice; Acer TrueHarmony
6.669%,VivoBook,"WiFi 802.11ax (Wifi 6) , Bluetooth 5.3",1.5 kg,"Bàn phím Chiclet với phím Copilot , có phím số , RGB",,Xanh,"Intel® Core™ Ultra 7-155H ( 3.8 GHz - 4.8 GHz / 24MB / 16 nhân, 22 luồng ), Intel AI",,"16"" ( 3200 x 2000 ) 3.2K 16:10 , OLED , 120Hz , không cảm ứng , 600 nits , 100% DCI-P3 , Màn hình chống lóa",240501842,512GB SSD M.2 NVMe ( 1 x M.2 NVMe ),Vỏ nhôm,Laptop ASUS Vivobook S 16 OLED S5606MA-MX051W (Intel® Core™ Ultra 7-155H/ RAM 16GB/ Onboard/ 512GB SSD/ Windows 11),Văn phòng,ASUS,"2 x USB 3.2
2 x Thunderbolt 4
1 x micro SD card slot
Audio combo
1 x HDMI",,16GB Onboard LPDDR5x Không nâng cấp được ),Khuôn mặt,24 tháng,Intel® AI Boost NPU,,,FHD webcam,Windows 11 Home,https://lh3.googleusercontent.com/i5St5YXGQ8jNMWImA_OKqG3W4ZX8JQ9XZk1II2Khxfv4PvYs4UWRPXWFaSe_1jLGyCfWV-V8xHheytclG_DkoqJQY152fQc=w500-rw,,35.36 x 24.69 x 1.39 ~ 1.59 cm,"4 cell 75 Wh , Pin liền",Onboard Intel® Arc™ Graphics,90NB12E1-M002F0,,27.990.000₫,Vivobook S 16 OLED S5606MA-MX051W,,29.990.000₫,Smart Amp Technology
27.462%,VICTUS,"WiFi 802.11ax (Wifi 6) , Bluetooth 5.3",2.3 kg,"Bàn phím thường , có phím số , LED","Adapter, dây nguồn,…",Bạc Đen,"AMD Ryzen™ 5 7535HS ( 3.3 GHz - 4.55 GHz / 16MB / 6 nhân, 12 luồng ), AMD",,"15.6"" ( 1920 x 1080 ) Full HD IPS , 144Hz , không cảm ứng , 250 nits , 45% NTSC",231004204,512GB SSD M.2 NVMe ( 1 x M.2 NVMe ),,Laptop gaming HP Victus 15-fb1022AX - 94F19PA (Ryzen 5 7535HS/RAM 16GB/GeForce RTX 2050/512GB SSD/ Windows 11),Gaming,HP,"1 x USB Type C / DisplayPort
2 x USB 3.2
1 x SD card slot
Audio combo
1 x HDMI
LAN 1 Gb/s",,2 x 8GB DDR5 4800MHz ( 2 Khe cắm / Hỗ trợ tối đa 64GB ),,12 tháng,,,không đèn,HD webcam,Windows 11 Home,https://lh3.googleusercontent.com/ptZRe33cGpw4WfD9UFc1a1_I1MheMENfxhn0QGeCrD92GYbkt3E7sLCHLMna_DjmZ-sT3UijXePdjVDwGySgfrBTH22ehww=w500-rw,,35.79 x 25.5 x 2.35 cm,"3 cell 52 Wh , Pin liền",GeForce RTX™ 2050 4GB GDDR6 AMD Radeon 660M,94F19PA,,18.490.000₫,Victus 15-fb1022AX - 94F19PA,,25.490.000₫,HP Audio Boost
2.913%,Stealth,"WiFi 7 BE , Bluetooth 5.4",2.9 kg,"Bàn phím Chiclet với phím Copilot , có phím số , RGB",280W Adapter,Đen,"Intel® Core™ Ultra 9-185H ( 3.9 GHz - 5.1 GHz / 24MB / 16 nhân, 22 luồng ), Intel AI",,"18"" ( 3840 x 2400 ) Ultra HD (4K) 16:10 , IPS , 120Hz , không cảm ứng , 100% DCI-P3",240800804,2TB SSD M.2 NVMe ( 2 x M.2 NVMe ),,Laptop MSI Stealth 18 Mercedes AMG A1VHG-080VN (Ultra 9 185H/ RAM 64GB/ GeForce RTX™ 4080/ 2TB SSD/ Windows 11),Gaming,MSI,"1 x USB Type C / DisplayPort
2 x USB 3.2
1 x Thunderbolt 4
1 x SD card slot
Audio combo
1 x HDMI
LAN 2500 Mbps",,2 x 32GB DDR5 5600MHz ( 2 Khe cắm / Hỗ trợ tối đa 96GB ),Vân tay,24 tháng,,,không đèn,FHD webcam,Windows 11 Home,https://lh3.googleusercontent.com/1AUot8C58LJkBr20Uo3GFTrz6eU5XV552TNLOUc5DCp_BuJQE54hIQHCQybm8cBOspzsK72qYiqWj9WSGxu7-tL2Rzh5zvE=w500-rw,,399.99 x 289.67 x 19.9-23.99 mm,"4 cell 99 Wh , Pin liền","GeForce RTX™ 4080 12GB GDDR6 Intel® Arc™ Graphics ( 2100MHz , 150W",080VN,,99.990.000₫,Stealth 18 Mercedes AMG A1VHG-080VN,,102.990.000₫,
3.704%,Stealth,"WiFi 802.11ax (Wifi 6) , Bluetooth 5.3",1.9 kg,"Bàn phím thường , có phím số , RGB",,Xám,"Intel® Core™ i9-13900H ( 2.6 GHz - 5.4 GHz / 24MB / 14 nhân, 20 luồng ), Non-EVO",Bảo hành Pin 12 tháng,"16"" ( 3840 x 2400 ) UHD+ 16:10 , OLED , không cảm ứng , 100% sRGB",230704092,2TB SSD M.2 NVMe ( 2 x M.2 NVMe ),,Laptop gaming MSI Stealth 16 Mercedes-AMG Motorsport A13VG (i9-13900H/RAM 32GB/GeForce RTX 4070/2TB SSD/ Windows 11),Gaming,MSI,"1 x USB Type C / DisplayPort
1 x USB 3.2
1 x Thunderbolt 4
1 x micro SD card slot
Audio combo
1 x HDMI
LAN 1 Gb/s",,2 x 16GB DDR5 5200MHz ( 2 Khe cắm / Hỗ trợ tối đa 64GB ),Vân tay,24 tháng,,,không đèn,FHD webcam,Windows 11 Home,https://lh3.googleusercontent.com/639Hcf_8CzQyYXgRp8KhFk0tkbolK8ISwxNwn5C8L0eg11cFyIPl__OydraT2w82X3LZ6FvnxA1a29CjhdjB7UuvtadU_fdUbA=w500-rw,,355.8 x 259.7 x 19.95 mm,"4 cell 99 Wh , Pin liền",GeForce RTX™ 4070 8GB GDDR6 Intel® Iris® Xe Graphics,,,77.990.000₫,Stealth 16 Mercedes-AMG Motorsport A13VG,,80.990.000₫,"Nahimic, Hi-Res Audio"
9.095%,Cyborg,"WiFi 802.11ax (Wifi 6) , Bluetooth 5.2",2 kg,"Bàn phím thường , có phím số , LED","MSI Essential Backpack, Adapter, dây nguồn,…",Đen,"Intel® Core™ i5-13420H ( 2.1 GHz - 4.6 GHz / 12MB / 8 nhân, 12 luồng ),",,"15.6"" ( 1920 x 1080 ) Full HD IPS , không cảm ứng , Màn hình chống lóa",240302752,512GB SSD M.2 NVMe ( 1 x M.2 NVMe ),,Laptop gaming MSI Cyborg 15 A13UC-861VN (i5-13420H/RAM 16GB/GeForce RTX 3050/512GB SSD/ Windows 11),Gaming,MSI,"1 x USB Type C / DisplayPort
2 x USB 3.2
Audio combo
1 x HDMI
LAN 1 Gb/s",,2 x 8GB DDR5 5200MHz ( 2 Khe cắm / Hỗ trợ tối đa 64GB ),,24 tháng,,,không đèn,HD webcam,Windows 11 Home SEA,https://lh3.googleusercontent.com/hUv9674DWxsqTAFxzjWtxPUuB0p6rCTUkHDv1IXtFwr-ZxcuEKET8Ia7llI-XhAmjxcmZP6-OB6rlFzq8M53UeW-oI6GxGE=w500-rw,,359.36 x 250.34 x 21.95-22.9 mm,"3 cell 53 Wh , Pin liền","GeForce RTX™ 3050 4GB GDDR6 Intel® Iris® Xe Graphics ( 1172.5MHz , 45W",861VN,,19.990.000₫,Cyborg 15 A13UC-861VN,,21.990.000₫,
16.936%,14/15 Series,"WiFi 802.11ac , Bluetooth",1.7 kg,"Bàn phím thường , có phím số , không đèn",,Xanh,"Intel® Core™ i3-1215U ( 1.2 GHz - 4.4 GHz / 10MB / 6 nhân, 8 luồng ),",,"15.6"" ( 1920 x 1080 ) Full HD 250 nits , 45% NTSC",231002798,512GB SSD M.2 NVMe ( 1 x M.2 NVMe ),,Laptop HP 15s-fq5228TU - 8U240PA (i3-1215U/ RAM 8GB/ Onboard/ 512GB SSD/ Windows 11),Văn phòng,HP,"1 x USB Type C
2 x USB 3.2
1 x SD card slot
Audio combo
1 x HDMI",,1 x 8GB DDR4 3200MHz ( 2 Khe cắm / Hỗ trợ tối đa 16GB ),,12 tháng,,,không đèn,HD webcam,Windows 11 Home,https://lh3.googleusercontent.com/kzBypPEWvnhswg1Nzu5UKdtXLCckjtiDo4hz1a3MIkveVxszUnGG6c_gniTTu6TQMaTAMxQ2t__uSFI9nopN7lKu1qFyIc0b=w500-rw,,35.85 x 24.2 x 1.79 cm,"3 cell 41 Wh , Pin liền",Onboard Intel® UHD Graphics,8U240PA,,10.790.000₫,15s-fq5228TU - 8U240PA,,12.990.000₫,
4.35%,Nitro V,"WiFi 802.11ax (Wifi 6) , Bluetooth 5.1",2.1 kg,"Bàn phím thường , có phím số , LED","Adapter, dây nguồn, HDSD,…",Đen,"AMD Ryzen™ 5 7535HS ( 3.3 GHz - 4.55 GHz / 16MB / 6 nhân, 12 luồng ), AMD",,"15.6"" ( 1920 x 1080 ) Full HD IPS , 180Hz , không cảm ứng , 300 nits , 100% sRGB , Acer ComfyView",240802642,512GB SSD M.2 NVMe ( 2 x M.2 NVMe ),Vỏ nhôm,Laptop gaming ACER Nitro V 15 ProPanel ANV15-41-R7AP (Ryzen 5 7535HS/RAM 16GB/GeForce RTX 2050/512GB SSD/ Windows 11),Gaming,ACER,"1 x USB Type C / DisplayPort
3 x USB 3.2
Audio combo
1 x HDMI",,2 x 8GB DDR5 4800MHz ( 2 Khe cắm / Hỗ trợ tối đa 64GB ),,12 tháng,,,không đèn,HD webcam,Windows 11 Home SL,https://lh3.googleusercontent.com/4fPObCgz8qx8Yhh0VOyUMaSlMk3vkU9gnLQOKp3xpYasSXnVGK8i8bE8wd87zrl0xSep1x9WcuPOJ4yMRZweak5oGVuPZkmV=w500-rw,,362.3 x 239.89 x 23.5 mm,"4 cell 57 Wh , Pin liền",GeForce RTX™ 2050 4GB GDDR6 AMD Radeon 660M,NH.QPGSV.002,,21.990.000₫,Nitro V 15 ProPanel ANV15-41-R7AP,,22.990.000₫,
10.208%,LOQ,"WiFi 802.11ax (Wifi 6) , Bluetooth 5.2",2.4 kg,"Có phím Copilot , có phím số , LED","Adapter, dây nguồn",Xám,"Intel® Core™ i5-12450HX ( 2.4 GHz - 4.4 GHz / 12MB / 8 nhân, 12 luồng ), Non-EVO",,"15.6"" ( 1920 x 1200 ) WUXGA IPS , 144Hz , không cảm ứng , 300 nits , 100% sRGB , Màn hình chống lóa , G-Sync",240502377,512GB SSD M.2 NVMe ( 2 x M.2 NVMe ),Vỏ nhựa,Laptop gaming Lenovo LOQ 15IAX9 - 83GS004BVN (i5-12450HX/RAM 12GB/GeForce RTX 3050/512GB SSD/ Windows 11),Gaming,Lenovo,"1 x USB Type C / DisplayPort / Power Delivery
3 x USB 3.2
Audio combo
1 x HDMI
LAN 1 Gb/s",,1 x 12GB DDR5 4800MHz ( 2 Khe cắm / Hỗ trợ tối đa 32GB ),,36 tháng,,,,HD webcam,Windows 11 Home SL,https://lh3.googleusercontent.com/ilEQK9YeUtlmH2pCf1z-2SKTWtsAnZJB42ekGQpw0o1nivM47NcEp0gmr6_uKnf-MiFzXefT4kda504KrNdvn2KExMjJ7AF7=w500-rw,,359.86 x 258.7 x 21.9-23.9 mm,"4 cell 60 Wh , Pin liền","GeForce RTX™ 3050 6GB GDDR6 Intel® UHD Graphics 710 ( 1732MHz , 95W",83GS004BVN,,21.990.000₫,LOQ 15IAX9 - 83GS004BVN,,24.490.000₫,Nahimic Audio
32.279%,Aspire 3,,1.7 kg,"Bàn phím thường , có phím số",,Bạc,"Intel® Core™ i5-1235U ( 1.3 GHz - 4.4 GHz / 12MB / 10 nhân, 12 luồng ), Non-EVO",,"15.6"" ( 1920 x 1080 ) Full HD không cảm ứng , Acer ComfyView",221003814,512GB SSD M.2 NVMe ( 1 x M.2 NVMe ),,Laptop Acer Aspire 3 A315-59-51X8 (NX.K6TSV.00F) (i5-1235U) (Bạc),"Học sinh - Sinh viên, Văn phòng, Doanh nghiệp",ACER,"3 x USB 3.2
Audio combo
1 x HDMI
LAN 1 Gb/s",,1 x 8GB DDR4 2400MHz ( 2 Khe cắm / Hỗ trợ tối đa 32GB ),,12 tháng,,,không đèn,HD webcam,Windows 11 Home SL,https://lh3.googleusercontent.com/ZUHMHJWQWODSAYAd7kqStW95t8BByzybaESfKzMdRJvRXW98bxFVu4Z80_Z4OElND26y1LkTHGPtloc-hdAZIuIq2NgJGCEvgg=w500-rw,,36.29 x 24.126 x 1.99 cm,"3 cell 40 Wh , Pin liền",Onboard Intel® UHD Graphics,NX.K6TSV.00F,,10.490.000₫,Aspire 3 A315-59-51X8 (NX.K6TSV.00F),,15.490.000₫,
8.005%,Aspire,"WiFi 802.11ax (Wifi 6) , Bluetooth 5.1",1.5 kg,"Bàn phím thường , không phím số , không đèn",,Bạc,"Intel® Core™ i5-1235U ( 1.3 GHz - 4.4 GHz / 12MB / 10 nhân, 12 luồng ), Non-EVO",,"14"" ( 1920 x 1200 ) WUXGA IPS , không cảm ứng , 300 nits , Acer ComfyView",240403691,512GB SSD M.2 NVMe ( 1 x M.2 NVMe ),Vỏ nhôm,Laptop ACER Aspire Lite - AL14-51M-59BN (i5-1235U/ RAM 16GB/ Onboard/ 512GB SSD/ Windows 11),Văn phòng,ACER,"1 x USB Type C / DisplayPort / Power Delivery
3 x USB 3.1
Không
Audio combo
1 x HDMI",,1 x 16GB DDR5 4800MHz ( 2 Khe cắm,,12 tháng,,,không đèn,FHD webcam,Windows 11 Home SL,https://lh3.googleusercontent.com/Cxx9o7BPUkmObpTR8PUWFyrrCZXZQquGQphwIYhwQzt21t-MHVHGhKze6yonsKn3Q9u3yQGrQzTy1p9AAW6gNqgnln5WmcBEOw=w500-rw,,313.3 x 218 x 16.9 mm,"3 cell 58 Wh , Pin liền",Onboard Intel® UHD Graphics,NX.KTXSV.001,,13.790.000₫,Aspire Lite - AL14-51M-59BN,,14.990.000₫,
8.576%,IdeaPad 5,"WiFi 802.11ax (Wifi 6) , Bluetooth 5.1",1.5 kg,"Bàn phím thường , không phím số , LED","Adapter, dây nguồn",Xám,"Intel® Core™ i5-12450H ( 2.0 GHz - 4.4 GHz / 12MB / 8 nhân, 12 luồng ), Non-EVO",Bảo hành Pin 12 tháng,"14"" ( 1920 x 1200 ) WUXGA IPS , không cảm ứng , 300 nits , 45% NTSC",230704076,512GB SSD M.2 NVMe ( 1 x M.2 NVMe ),,Laptop Lenovo IdeaPad Slim 5 14IAH8 - 83BF002NVN (i5-12450H/ RAM 16GB/ Onboard/ 512GB SSD/ Windows 11),Văn phòng,Lenovo,"2 x USB Type C / DisplayPort / Power Delivery
2 x USB 3.2
1 x micro SD card slot
Audio combo
1 x HDMI",,16GB Onboard LPDDR5 4800MHz ( Không / Không nâng cấp được ),,36 tháng,,,không đèn,FHD webcam,Windows 11 Home,https://lh3.googleusercontent.com/ic9xCOgUqaYfESAutcCbpMwnXicl0pWFCp5t6KMhG3r6LV6i2ttqr31SWhVJl-yx-uHlrfKfslI9QvKKTJgNgN3R09oy-ZGj6A=w500-rw,,31.2 x 22.1 x 1.79 mm,3 cell Pin liền,Onboard Intel® UHD Graphics,83BF002NVN,,15.990.000₫,IdeaPad Slim 5 14IAH8 - 83BF002NVN,,17.490.000₫,Dolby Audio
25.593%,Aspire 7,"WiFi 802.11ax (Wifi 6) , Bluetooth 5.1",2.1 kg,"Bàn phím thường , có phím số , LED","Adapter, dây nguồn",Đen,"Intel® Core™ i5-12450H ( 2.0 GHz - 4.4 GHz / 12MB / 8 nhân, 12 luồng ), Non-EVO",,"15.6"" ( 1920 x 1080 ) Full HD IPS , 144Hz , không cảm ứng , Acer ComfyView",230703418,512GB SSD M.2 NVMe ( 2 x M.2 NVMe ),Vỏ nhôm,Laptop Acer Gaming Aspire 7 A715-76G-59MW (i5-12450H) (Đen),Gaming,ACER,"3 x USB 3.2
1 x Thunderbolt 4
Audio combo
1 x HDMI
LAN 1 Gb/s",,1 x 8GB DDR4 3200MHz ( 2 Khe cắm / Hỗ trợ tối đa 32GB ),Vân tay,12 tháng,,,không đèn,HD webcam,Windows 11 Home,https://lh3.googleusercontent.com/sQqMpT31Gydg-oGgnBw6hWQtaLsNFTyNgegllf6UK95ssJzsM3kKyMYKNrJW4op2NJ2KEjHaPkBAgKzEUPKQvRk4npzIX0t22w=w500-rw,,362.3 x 237.4 x 19.9 mm,"3 cell 50 Wh , Pin liền",GeForce RTX™ 2050 4GB GDDR6 Intel® UHD Graphics,NH.QMYSV.001,,15.990.000₫,Gaming Aspire 7 A715-76G-59MW (NH.QMYSV.001),,21.490.000₫,
11.772%,Ideapad,"WiFi 802.11ax (Wifi 6) , Bluetooth 5.2",1.6 kg,"Bàn phím thường , có phím số","Adapter, dây nguồn",Xám,"Intel® Core™ i5-12450H ( 2.0 GHz - 4.4 GHz / 12MB / 8 nhân, 12 luồng ), Non-EVO",,"15.6"" ( 1920 x 1080 ) Full HD IPS , 300 nits",240300076,1TB SSD M.2 NVMe ( 2 x M.2 NVMe ),Vỏ nhựa,Laptop Lenovo IdeaPad Slim 3 15IAH8 - 83ER000FVN (i5-12450H/ RAM 16GB/ Onboard/ 1TB SSD/ Windows 11),Văn phòng,Lenovo,"1 x USB Type C / DisplayPort / Power Delivery
2 x USB 3.2
1 x SD card slot
Audio combo
1 x HDMI",,16GB Onbard DDR5 4800MHz Không nâng cấp được ),,24 tháng,,,,FHD webcam,Windows 11 Home,https://lh3.googleusercontent.com/oiewmRUyBMbCTnPFSJvwmyQAQJkaaQGYwUkUKl9VAaTghL445IyvNbX3n-CA-S5NVSoV1WoUV7wGyue-13hBgKntcvvPLG-2=w500-rw,,359.3 x 235 x 17.9 mm,3 cell Pin liền,Onboard Intel® UHD Graphics,83ER000FVN,,14.990.000₫,IdeaPad Slim 3 15IAH8 - 83ER000FVN,,16.990.000₫,Dolby Audio
11.572%,,"WiFi 802.11ax (Wifi 6) , Bluetooth 5.2",1.5 kg,"Bàn phím Chiclet , không phím số , không đèn","Adapter, dây nguồn,…",Đen,"Intel® Core™ i5-1235U ( 1.3 GHz - 4.4 GHz / 12MB / 10 nhân, 12 luồng ), Non-EVO",,"14"" ( 1920 x 1080 ) Full HD 16:9 , IPS , không cảm ứng , 220 nits , 45% NTSC",240802547,512GB SSD M.2 NVMe ( 1 x M.2 NVMe ),,Laptop ASUS ExpertBook B1 B1402CBA-EB4202W (i5-1235U/RAM 16GB/Onboard/512GB SSD/ Windows 11),Văn phòng,ASUS,"2 x USB 3.2
Audio combo
1 x HDMI",,16GB Onboard DDR4 3200MHz ( 1 Khe cắm / Hỗ trợ tối đa 48GB ),,24 tháng,,,không đèn,FHD webcam,Windows 11 Home,https://lh3.googleusercontent.com/UU7vk-60Cp12hKfmYqHk9CI2aCjbYBz-dMw0WOQK8oqixhc6_kBIJnIUwOZ9YQHwKm2Mp8epx2fd-AAXNx0VbRz6AzlocI4=w500-rw,,32.69 x 21.45 x 1.99 cm,"3 cell 42 Wh , Pin liền",Onboard Intel® UHD Graphics,90NX05V1-M04TN0,,12.990.000₫,ExpertBook B1 B1402CBA-EB4202W,,14.690.000₫,Dirac HD Sound
14.715%,Aspire 7,"WiFi 802.11ax (Wifi 6) , Bluetooth 5.1",2.1 kg,"Bàn phím thường , có phím số , LED",Cáp + Sạc,Đen,"Intel® Core™ i5-12450H ( 2.0 GHz - 4.4 GHz / 18MB / 8 nhân, 12 luồng ),",,"15.6"" ( 1920 x 1080 ) Full HD IPS , Acer ComfyView",230904124,512GB SSD M.2 NVMe ( 2 x M.2 NVMe ),Vỏ nhôm,Laptop ACER Aspire 7 A715-76-53PJ (NH.QGESV.007) (i5-12450H/ RAM 16GB/ Onboard/ 512GB SSD/ Windows 11),Văn phòng,ACER,"3 x USB 3.2
1 x Thunderbolt 4
Audio combo
1 x HDMI
LAN 1 Gb/s",,2 x 8GB DDR4 3200MHz ( 2 Khe cắm / Hỗ trợ tối đa 32GB ),Vân tay,12 tháng,,,không đèn,HD webcam,Windows 11 Home,https://lh3.googleusercontent.com/_PpBFbnEW-yjBVcpNsmRlJv-UG-dsfQHdW9IWQRrO7I6CrXnG8Ms6NqfEigikGd9qQ5qadUBHrvqB5CWHdMcKRd_RvGoLXTP=w500-rw,,362.3 x 237.4 x 19.9 mm,"3 cell 50 Wh , Pin liền",Onboard Intel® UHD Graphics,NH.QGESV.007,,14.490.000₫,Aspire 7 A715-76-53PJ (NH.QGESV.007),,16.990.000₫,
17.029%,TUF Gaming,"Wi-Fi 6E (802.11ax) , Bluetooth 5.3",2.3 kg,"Bàn phím Chiclet , có phím số , RGB",,Đen,"AMD Ryzen™ 5 7535HS ( 3.3 GHz - 4.5 GHz / 16MB / 6 nhân, 12 luồng ), AMD",,"15.6"" ( 1920 x 1080 ) Full HD 16:9 , IPS , 144Hz , không cảm ứng , 250 nits , Adaptive Sync",240302534,1TB SSD M.2 NVMe ( 2 x M.2 NVMe ),,Laptop gaming ASUS TUF Gaming A15 FA506NC-HN031W (Ryzen 5 7535HS/RAM 16GB/GeForce RTX 3050/1TB SSD/ Windows 11 Home),Gaming,ASUS,"1 x USB Type C / DisplayPort
3 x USB 3.2
Audio combo
1 x HDMI
LAN 1 Gb/s",,1 x 16GB DDR5 4800MHz ( 2 Khe cắm / Hỗ trợ tối đa 32GB ),,24 tháng,,,không đèn,HD webcam,Windows 11 Home,https://lh3.googleusercontent.com/tQSrgrTMQZx390-77HNEk8rwptnVDrvifqrFSiyYyDCUu6QLGfUamfLNfTp4a7f2nYntabvt4XLnnE4FDIIDU65VlPHgy-0=w500-rw,,35.9 x 25.6 x 2.28 ~ 2.45 cm,"3 cell 48 Wh , Pin liền",GeForce RTX™ 3050 4GB GDDR6 AMD Radeon™ Graphics,90NR0JF7-M00680,,19.490.000₫,TUF Gaming A15 FA506NC-HN031W,,23.490.000₫,Hi-Res Audio
13.803%,Ideapad,"WiFi 802.11ac , Bluetooth 5.2",1.6 kg,"Bàn phím thường , có phím số , không đèn",,Xám,"AMD Ryzen™ 5 7430U ( 2.3 GHz - 4.3 GHz / 16MB / 6 nhân, 12 luồng ), AMD",Pin bảo hành 12 tháng,"15.6"" ( 1920 x 1080 ) Full HD IPS , không cảm ứng , 300 nits , Màn hình chống lóa",240502380,512GB SSD M.2 NVMe ( 1 x M.2 NVMe ),Vỏ nhựa,Laptop Lenovo Ideapad Slim 3 15ABR8 - 82XM00EJVN (Ryzen 5 7430U/ RAM 16GB/ Onboard/ 512GB SSD/ Windows 11),Văn phòng,Lenovo,"1 x USB Type C / DisplayPort / Power Delivery
2 x USB 3.2
1 x SD card slot
Audio combo
1 x HDMI",,16GB Onboard DDR4 3200MHz Không nâng cấp được ),Vân tay,24 tháng,,,,HD webcam,Windows 11 Home SL,https://lh3.googleusercontent.com/HbDLWExPnuxLiPPC8UiPwrRgINgQG6J6DEDA8_kMhNfKnI5ZiiS0QvBRZ1Ykvh0Q0pRKBBsltX_xxmUTt4y0qNRx1mzaln8dRg=w500-rw,,359.3 x 235 x 17.9 mm,"47 Wh , Pin liền",Onboard AMD Radeon™ Graphics,82XM00EJVN,,12.490.000₫,Ideapad Slim 3 15ABR8 - 82XM00EJVN,,14.490.000₫,Dolby Audio
10.532%,Latitude,"WiFi 802.11ax (Wifi 6) , Bluetooth 5.3",1.6 kg,"Bàn phím thường , không phím số , không đèn",,Xám,"Intel® Core™ i5-1235U ( 1.3 GHz - 4.4 GHz / 12MB / 10 nhân, 12 luồng ), Non-EVO",,"14"" ( 1920 x 1080 ) Full HD WVA , không cảm ứng , 250 nits , 45% NTSC , Màn hình chống lóa",240602784,512GB SSD M.2 NVMe ( 1 x M.2 NVMe ),,Laptop Dell Latitude 3440 (i5-1235U/ RAM 16GB/ Onboard/ 512GB SSD/ Windows 11),Văn phòng,Dell,"1 x USB Type C / DisplayPort / Power Delivery
3 x USB 3.2
Audio combo
1 x HDMI
LAN 1 Gb/s",,2 x 8GB DDR4 3200MHz ( 2 Khe cắm / Hỗ trợ tối đa 64GB ),,12 tháng,,,,FHD webcam,"Windows 11 Home SL, English",https://lh3.googleusercontent.com/A1nbJb1vr8vqE96UJQE4XYlspHWwXohbiCdqkVFjwXak1gxHin1zSPZcQJniFX8y_eEWniWs4FyLotpPoCLVa3PkhHZ0IMeFqQ=w500-rw,,322.17x 219.43x 19.37 mm,"3 cell 41 Wh , Pin liền",Onboard Intel® Iris® Xe Graphics,L3440-I51235U-16G512G,,16.990.000₫,Latitude 3440,,18.990.000₫,Realtek Audio
8.112%,Ideapad Slim 3,"WiFi 802.11ax (Wifi 6) , Bluetooth 5.2",1.6 kg,"Bàn phím thường , có phím số",Adapter,Xám,"Intel® Core™ i7-13620H ( 2.4 GHz - 4.9 GHz / 24MB / 10 nhân, 16 luồng ), Non-EVO",,"15.6"" ( 1920 x 1080 ) Full HD IPS , 300 nits , Màn hình chống lóa",240201833,512GB SSD M.2 NVMe ( 1 x M.2 NVMe ),Vỏ nhựa,Laptop Lenovo Ideapad Slim 3 15IRH8 - 83EM003EVN (i7-13620H) (Xám),Văn phòng,Lenovo,"1 x USB Type C / DisplayPort / Power Delivery
2 x USB 3.2
1 x SD card slot
Audio combo
1 x HDMI",,16GB Onbard LPDDR5 4800MHz Không nâng cấp được ),Vân tay,24 tháng,,,,HD webcam,Windows 11 Home SL,https://lh3.googleusercontent.com/awnbaxA5gl687SAD50j9BdkJNw07ViL5lBDaPfdsJqaFtuqZjaxQzQWChPdcm12YPhu2ktD0lmtJ_HUUzFJZfDz-a03Yux4=w500-rw,,35.93 x 23.5 x 1.79 cm,"74 Wh , Pin liền",Onboard Intel® UHD Graphics,83EM003EVN,,16.990.000₫,Ideapad Slim 3 15IRH8 - 83EM003EVN,,18.490.000₫,Dolby Audio
24.697%,Pavilion,"WiFi 802.11ax (Wifi 6) , Bluetooth 5.2",1.4 kg,"Bàn phím thường , không phím số , không đèn","Adapter, dây nguồn,…",Gold,"Intel® Core™ i7-1255U ( 1.7 GHz - 4.7 GHz / 12MB / 10 nhân, 12 luồng ), Non-EVO",,"14"" ( 1920 x 1080 ) Full HD IPS , không cảm ứng , 250 nits , 45% NTSC",221101776,512GB SSD M.2 NVMe ( 1 x M.2 NVMe ),,Laptop HP Pavilion 14-dv2072TU (7C0W1PA) (i7-1255U) (Vàng),"Văn phòng, Doanh nghiệp, Học sinh - Sinh viên",HP,"1 x USB Type C / DisplayPort / Power Delivery
2 x USB 3.2
Audio combo
1 x HDMI",,2 x 4GB DDR4 3200MHz ( 2 Khe cắm,,12 tháng,,,không đèn,HD webcam,Windows 11 Home SL,https://lh3.googleusercontent.com/YqcQUVmT1-z_Euk8cp7elpHIVXRRhDcCUvh6dC-dQ9igipHDD_-7q6D0b0rYHTOXN4qB-R3o_9mdbZOqfk350y9zuZO1K9ys=w500-rw,,32.5 x 21.66 x 1.70 cm,"3 cell 41 Wh , Pin liền",Onboard Intel® Iris® Xe Graphics,7C0W1PA,,17.990.000₫,Pavilion 14-dv2072TU (7C0W1PA),,23.890.000₫,HP Audio Boost
10.005%,VivoBook,"WiFi 802.11ax (Wifi 6) , Bluetooth 5.0",1.7 kg,"Bàn phím thường , có phím số , không đèn",,Đen,"Intel® Core™ i5-13500H ( 2.6 GHz - 4.7GHz / 18MB / 12 nhân, 16 luồng ), Non-EVO",Bảo hành Pin 12 tháng,"15.6"" ( 1920 x 1080 ) Full HD 16:9 , không cảm ứng , 600 nits , 100% DCI-P3 , Màn hình gương",230304293,512GB SSD M.2 NVMe ( 1 x M.2 NVMe ),,Laptop ASUS Vivobook 15 OLED A1505VA-L1114W (i5-13500H/RAM 16GB/512GB SSD/ Windows 11),Văn phòng,ASUS,"1 x USB Type C / Power Delivery
2 x USB 3.2
1 x USB 2.0
Audio combo
1 x HDMI",,16GB (8GB + 8GB Onboard) DDR4 ( 1 Khe cắm / Hỗ trợ tối đa 24GB ),,24 tháng,,,không đèn,HD webcam,Windows 11 Home,https://lh3.googleusercontent.com/k2qUoMPILua-Lq8YKTkO5WkTdUmI8yk1btdgNDEDIkVXT_N-l2XtYXOTYb3Fd92LxkexynRA92yil2nWe6PRjCBKb5k7VvE=w500-rw,,31.26 x 22.12 x 1.55 cm,"3 cell 50 Wh , Pin liền",Onboard Intel® Iris® Xe Graphics,,,17.990.000₫,Vivobook A1505VA-L1114W,,19.990.000₫,SonicMaster
20.01%,TUF Gaming,"WiFi 802.11ax (Wifi 6) , Bluetooth 5.3",2.3 kg,"Bàn phím Chiclet , có phím số , RGB",,Đen,"AMD Ryzen™ 5 7535HS ( 3.3 GHz - 4.5 GHz / 16MB / 6 nhân, 12 luồng ), AMD",,"15.6"" ( 1920 x 1080 ) Full HD 16:9 , IPS , 144Hz , không cảm ứng , 250 nits , Màn hình chống lóa , Adaptive Sync",240302751,512GB SSD M.2 NVMe ( 2 x M.2 NVMe ),,Laptop gaming ASUS TUF Gaming A15 FA506NF-HN005W (Ryzen 5 7535HS/RAM 8GB/GeForce RTX 2050/512GB SSD/ Windows 11),Gaming,ASUS,"1 x USB Type C / DisplayPort
3 x USB 3.2
Audio combo
1 x HDMI
LAN 1 Gb/s",,1 x 8GB DDR5 4800MHz ( 2 Khe cắm / Hỗ trợ tối đa 32GB ),Khuôn mặt,24 tháng,,,không đèn,HD webcam,Windows 11 Home,https://lh3.googleusercontent.com/H_IYdCggl7PzlnWqNw2m6xlhYoN_Xps-t5UTXML5zRqaB5Z7peaAajgntlaolhNoPHhj2BBXmnFbN8ejVhfJ8ssFl2uLbvuw=w500-rw,,35.9 x 25.6 x 2.28 ~ 2.45 cm,"3 cell 48 Wh , Pin liền",GeForce RTX™ 2050 4GB GDDR6 AMD Radeon 660M,90NR0JE7-M001E0,,15.990.000₫,TUF Gaming A15 FA506NF-HN005W,,19.990.000₫,Hi-Res Audio
18.104%,Pavilion,"WiFi 802.11ax (Wifi 6) , Bluetooth 5.2",1.7 kg,"Bàn phím thường , có phím số","Adapter, dây nguồn,…",Vàng,"Intel® Core™ i5-1240P ( 1.7 GHz - 4.4 GHz / 12MB / 12 nhân, 16 luồng ), Non-EVO",,"15.6"" ( 1920 x 1080 ) Full HD IPS , không cảm ứng , 250 nits , 45% NTSC",221200070,512GB SSD M.2 NVMe ( 1 x M.2 NVMe ),,Laptop HP Pavilion 15-eg2081TU (7C0Q4PA) (i5-1240P/ RAM 16GB/ Onboard/ 512GB SSD/ Windows 11),"Văn phòng, Doanh nghiệp, Học sinh - Sinh viên",HP,"1 x USB Type C / DisplayPort / Power Delivery
2 x USB 3.2
Audio combo
1 x HDMI",,2 x 8GB DDR4 3200MHz,,12 tháng,,,không đèn,HD webcam,Windows 11 Home SL,https://lh3.googleusercontent.com/SPrwdHTfCYY9ZSyfip8JiMoFCfhW7Z3UheF-_Q-lkXdL2SgTCTkQ0Tcci-6y5F6XpJWc5Z4DGDtH3zqvbfPFX62thuTfm4Po=w500-rw,,36.02 x 23.4 x 1.79 cm,"3 cell 41 Wh , Pin liền",Onboard Intel® Iris® Xe Graphics,7C0Q4PA,,17.190.000₫,Pavilion 15-eg2081TU (7C0Q4PA),,20.990.000₫,HP Audio Boost
11.117%,VivoBook,"WiFi 802.11ax (Wifi 6) , Bluetooth 5.3",1.4 kg,"Bàn phím Chiclet , không phím số , không đèn","Adapter, dây nguồn, HDSD,…",Bạc,"Intel® Core™ i7-1255U ( 1.7 GHz - 4.7 GHz / 12MB / 10 nhân, 12 luồng ), Non-EVO",,"14"" ( 1920 x 1080 ) Full HD 16:9 , 250 nits , Màn hình chống lóa",240200105,512GB SSD M.2 NVMe ( 1 x M.2 NVMe ),,Laptop ASUS Vivobook X14 - X1404ZA-NK389W (i7-1255U/ RAM 16GB/ Onboard/ 512GB SSD/ Windows 11),Văn phòng,ASUS,"1 x USB Type C
2 x USB 3.2
1 x USB 2.0
Audio combo
1 x HDMI",,16GB (8GB + 8GB Onboard) DDR4 ( 1 Khe cắm,Vân tay,24 tháng,,,,HD webcam,Windows 11 Home,https://lh3.googleusercontent.com/SqAfgGRurmahVZvJmSuD3MFlbCJZmraiognKN8nJyC39EltpOhz0HiIDNTbRYySRon7SbQFStKuRPdfGwOBoRoQGNNvmuJL_=w500-rw,,32.49 x 21.39 x 1.79 cm,"3 cell 42 Wh , Pin liền",Onboard Intel® Iris® Xe Graphics,90NB1002-M00FE0,,15.990.000₫,Vivobook X14 - X1404ZA-NK389W,,17.990.000₫,SonicMaster
9.096%,VivoBook,"WiFi 802.11ax (Wifi 6) , Bluetooth 5.0",1.6 kg,"Bàn phím thường , không phím số , không đèn",,Bạc,"Intel® Core™ i5-13500H ( 2.6 GHz - 4.7GHz / 18MB / 12 nhân, 16 luồng ), Non-EVO",Bảo hành Pin 12 tháng,"14"" ( 2880 x 1800 ) 16:10 , OLED , 90Hz , không cảm ứng , 600 nits , 100% DCI-P3 , Màn hình gương",230304294,512GB SSD M.2 NVMe ( 1 x M.2 NVMe ),,Laptop ASUS Vivobook 14 OLED A1405VA-KM095W (i5-13500H/RAM 16GB/512GB SSD/ Windows 11),Văn phòng,ASUS,"1 x USB Type C / Power Delivery
2 x USB 3.2
1 x USB 2.0
Audio combo
1 x HDMI",,16GB (8GB + 8GB Onboard) DDR4 ( 1 Khe cắm / Hỗ trợ tối đa 16GB ),Vân tay,24 tháng,,,không đèn,HD webcam,Windows 11 Home,https://lh3.googleusercontent.com/c9euFAdGcOttbxe6_RabY8JzzlPrvrJ_YUeJnIM7BCOp9pllRG8ZKw84wrfiJbqNfNvKxdl2z1uY01BJR0gBeY9N3Txq1ZD5Hg=w500-rw,,31.71 x 22.20 x 1.99cm,"3 cell 50 Wh , Pin liền",Onboard Intel® Iris® Xe Graphics,90NB10M1-M00450,,17.990.000₫,Vivobook A1405VA-KM095W,,19.790.000₫,SonicMaster
16.006%,TUF Gaming,"WiFi 802.11ax (Wifi 6) , Bluetooth 5.2",2.2 kg,"Bàn phím thường , có phím số , RGB",,Xám,"Intel® Core™ i5-12500H ( 2.5 GHz - 4.5 GHz / 18MB / 12 nhân, 16 luồng ), Non-EVO",,"15.6"" ( 1920 x 1080 ) Full HD 16:9 , IPS , 144Hz , không cảm ứng , 250 nits , Màn hình chống lóa , Adaptive Sync",240602780,512GB SSD M.2 NVMe ( 2 x M.2 NVMe ),,Laptop gaming ASUS TUF Gaming F15 - FX507ZC4-HN095W (i5-12500H/RAM 16GB/GeForce RTX 3050/512GB SSD/ Windows 11),Gaming,ASUS,"1 x USB Type C / DisplayPort
2 x USB 3.2
1 x Thunderbolt 4
Audio combo
1 x HDMI
LAN 1 Gb/s",,2 x 8GB DDR4 3200MHz ( 2 Khe cắm / Hỗ trợ tối đa 32GB ),,24 tháng,,,,HD webcam,Windows 11 Home,https://lh3.googleusercontent.com/vjUHgI3XBa66Ov5yeLHDLsRouH0VICNCVGRr-mC_jt62BSdoVehA_ww8z1AH-Vf5IZnXHLGLHi08EOw2sfJlGzyppjZhehRE=w500-rw,,35.4 x 25.1 x 2.24 ~ 2.49 cm,"4 cell 56 Wh , Pin liền",GeForce RTX™ 3050 4GB GDDR6 Intel® Iris® Xe Graphics,90NR0GW2-M00670,,20.990.000₫,TUF Gaming F15 - FX507ZC4-HN095W,,24.990.000₫,Dolby Atmos
5.387%,VivoBook,"WiFi 802.11ax (Wifi 6) , Bluetooth 5.3",1.3 kg,"Bàn phím Chiclet với phím Copilot , không phím số , RGB",,Xanh,"Intel® Core™ Ultra 5-125H ( 3.6 GHz - 4.5 GHz / 18MB / 14 nhân, 18 luồng ), Intel AI",,"14"" ( 2880 x 1800 ) 3K 16:10 , OLED , 120Hz , không cảm ứng , 600 nits , 100% DCI-P3 , Màn hình gương",240501840,512GB SSD M.2 NVMe ( 1 x M.2 NVMe ),Vỏ kim loại,Laptop ASUS Vivobook S 14 OLED S5406MA-PP028W (Intel® Core™ Ultra 5-125H/ RAM 16GB/ Onboard/ 512GB SSD/ Windows 11),Văn phòng,ASUS,"2 x USB 3.2
2 x Thunderbolt 4
1 x micro SD card slot
Audio combo
1 x HDMI",,16GB Onboard LPDDR5x Không nâng cấp được ),"Khuôn mặt - Trusted Platform Module (Firmware TPM), mật khẩu người dùng thiết lập BIOS, McAfee®",24 tháng,Intel® AI Boost NPU,,,FHD webcam,Windows 11 Home,https://lh3.googleusercontent.com/7Yb6WFl78TjlKVcaLooWswQcb_aaQH7ZFuiuZ5DSshAX94IGyA00ZmcgE2_L6yyvtlDum_-aFRyiwg1GDzrcVV_PpoaXA32z=w500-rw,,31.05 x 22.19 x 1.39 ~ 1.59 cm,"4 cell 75 Wh , Pin liền",Onboard Intel® Arc™ Graphics,90NB12H2-M00170,,24.590.000₫,Vivobook S 14 OLED S5406MA-PP028W,,25.990.000₫,Smart Amp Technology
32.214%,Nitro 5,"WiFi 802.11ax (Wifi 6) , Bluetooth 5.1",2.5 kg,"Bàn phím thường , có phím số , RGB",,Đen,"Intel® Core™ i5-12500H ( 2.5 GHz - 4.5 GHz / 18MB / 12 nhân, 16 luồng ), Non-EVO",,"15.6"" ( 1920 x 1080 ) Full HD IPS , 144Hz , không cảm ứng",220101409,"512GB SSD M.2 NVMe ( 1 x 2.5"" SATA /( 2 x M.2 NVMe )",,Laptop gaming Acer Nitro 5 Tiger AN515-58-52SP (i5-12500H/RAM 8GB/RTX 3050/512GB SSD/ Windows 11),"Gaming, Đồ họa - Kỹ thuật",ACER,"3 x USB 3.2
1 x Thunderbolt 4
Audio combo
1 x HDMI
LAN 1 Gb/s",,1 x 8GB DDR4 3200MHz ( 2 Khe cắm / Hỗ trợ tối đa 32GB ),,12 tháng,,,không đèn,HD webcam,Windows 11 Home,https://lh3.googleusercontent.com/uiLQNTEqazg6MB8Uv8stnPE0WP-GV86TD8JgOlFUaqMcsBr89rOZwsX3KklJ9nDWXLYutoCM-5xeRw7l-U_1jbVsGWl5aPvLgg=w500-rw,,36.04 x 27.109 x 2.59 cm,4 cell 57 Wh,GeForce RTX™ 3050 4GB GDDR6 Intel® UHD Graphics,NH.QFHSV.001,,19.990.000₫,Nitro 5 Tiger AN515-58-52SP (NH.QFHSV.001),,29.490.000₫,Acer TrueHarmony Technology
19.01%,HP 15s,"WiFi 802.11ac , Bluetooth 5.0",1.7 kg,"Bàn phím thường , có phím số","Adapter, dây nguồn,…",Bạc,"Intel® Core™ i5-1235U ( 1.3 GHz - 4.4 GHz / 12MB / 10 nhân, 12 luồng ), Non-EVO",,"15.6"" ( 1920 x 1080 ) Full HD IPS , không cảm ứng , 250 nits , 45% NTSC , Màn hình chống lóa",221101762,512GB SSD M.2 NVMe ( 1 x M.2 NVMe ),,Laptop HP 15s-fq5160TU (7C0S1PA) (i5-1235U) (Bạc),"Văn phòng, Doanh nghiệp, Học sinh - Sinh viên",HP,"1 x USB Type C
2 x USB 3.2
1 x SD card slot
Audio combo
1 x HDMI",,2 x 8GB DDR4 3200MHz ( 2 Khe cắm,,12 tháng,,,không đèn,HD webcam,Windows 11 Home SL,https://lh3.googleusercontent.com/AwL0-bZ9EQ3qNBrkYrcMGn359-ZvKDxpkf_pzJjGI9jE9llD9XQmwXKfTyUCulWXZNBlmP4REA0Ply-BQGLcHBoGCPcYkc6e=w500-rw,,35.85 x 24.2 x 1.79 cm,"3 cell 41 Wh , Pin liền",Onboard Intel® Iris® Xe Graphics,7C0S1PA,,16.190.000₫,15s-fq5160TU (7C0S1PA),,19.990.000₫,
5.559%,Thinkbook,"WiFi 802.11ax (Wifi 6) , Bluetooth 5.3",1.4 kg,"Bàn phím thường , không phím số , LED",Adapter,Xám,"Intel® Core™ i5-13420H ( 2.1 GHz - 4.6 GHz / 12MB / 8 nhân, 12 luồng ), Non-EVO",,"14"" ( 1920 x 1200 ) WUXGA IPS , không cảm ứng , 300 nits , 45% NTSC , Màn hình chống lóa",240602304,512GB SSD M.2 NVMe ( 2 x M.2 NVMe ),Vỏ nhôm,Laptop Lenovo ThinkBook 14 G6 IRL - 21KG00RDVN (i5-13420H/ RAM 16GB/ Onboard/ 512GB SSD/ Windows 11),Văn phòng,Lenovo,"1 x USB Type C / DisplayPort / Power Delivery
2 x USB 3.2
1 x Thunderbolt 4
1 x SD card slot
Audio combo
1 x HDMI
LAN 1 Gb/s",,2 x 8GB DDR5 5200MHz ( 2 Khe cắm / Hỗ trợ tối đa 64GB ),"Khuôn mặt, Vân tay",24 tháng,,,,FHD webcam,Windows 11 Home SL,https://lh3.googleusercontent.com/7Ll1opKeye-F33HtXCmhmNf9nE-ET7Ije3EaKUzEwTUlnnCDUfNiZdOqOZtW5S_oHE6zZyJRZH7EqLcI6EkQSVcGrDrfhRKS=w500-rw,,31.35 x 22.4 x 1.69 cm,"60 Wh , Pin liền",Onboard Intel® UHD Graphics,21KG00RDVN,,16.990.000₫,ThinkBook 14 G6 IRL - 21KG00RDVN,,17.990.000₫,Dolby Audio
30.247%,Modern,"WiFi 802.11ax (Wifi 6) , Bluetooth 5.2",1.4 kg,"Bàn phím thường , không phím số , LED","Adapter, dây nguồn",Đen,"Intel® Core™ i7-1355U ( 1.7 GHz - 5.0 GHz / 12MB / 10 nhân, 12 luồng ), Non-EVO",Bảo hành Pin 12 tháng,"14"" ( 1920 x 1080 ) Full HD IPS , không cảm ứng",230400581,512GB SSD M.2 NVMe ( 1 x M.2 NVMe ),,Laptop MSI Modern 14 C13M-607VN (i7-1355U) (Đen),Văn phòng,MSI,"1 x USB Type C / DisplayPort / Power Delivery
1 x USB 3.2
2 x USB 2.0
1 x micro SD card slot
Audio combo
1 x HDMI",,16GB Onboard DDR4 3200MHz Hỗ trợ tối đa 16GB ),,24 tháng,,,không đèn,HD webcam,Windows 11 Home,https://lh3.googleusercontent.com/z3BHDkdg_D3-hC2qg3MQ-o4_W64AnHSvswyaJgy_5G3oRkmyQi353VZhe5QJaoOJ-4k0GHXklBb4Nzqpk7u2ao0lBLgJmnA=w500-rw,,319.9 x 223 x 19.35 mm,"3 cell 40 Wh , Pin liền",Onboard Intel® Iris® Xe Graphics,607VN,,14.990.000₫,Modern 14 C13M-607VN,,21.490.000₫,Hi-Res Audio
17.082%,Aspire 5,"WiFi 802.11ax (Wifi 6) , Bluetooth 5.1",1.7 kg,"Bàn phím thường , có phím số , LED","Adapter, dây nguồn, HDSD,…",Xám,"Intel® Core™ i5-13420H ( 2.1 GHz - 4.6 GHz / 12MB / 8 nhân, 12 luồng ), Non-EVO",,"15.6"" ( 1920 x 1080 ) Full HD IPS , không cảm ứng , 250 nits , 45% NTSC , Acer ComfyView",240602777,512GB SSD M.2 NVMe ( 2 x M.2 NVMe ),Vỏ nhôm,Laptop ACER Gaming Aspire 5 A515-58GM-53PZ (i5-13420H/RAM 8GB/GeForce RTX 2050/512GB SSD/ Windows 11),Gaming,ACER,"2 x USB 3.2
1 x Thunderbolt 4
Audio combo
1 x HDMI
LAN 1 Gb/s",,1 x 8GB DDR4 3200MHz ( 2 Khe cắm / Hỗ trợ tối đa 32GB ),Vân tay,12 tháng,,,,FHD webcam,Windows 11 Home,https://lh3.googleusercontent.com/eAMxcrnTJb72-TTBNSruPG5D5LNNMsOwJqcJZTuUPXvn22xoOqJJF3LbgvC4WZy2tfPAIOdhVA7gf1M9oPvS5neszBcKgDld=w500-rw,,36.1 x 23.7 x 1.79 cm,"50 Wh , Pin liền",GeForce RTX™ 2050 4GB GDDR6 Intel® Iris® Xe Graphics,NX.KQ4SV.008,,16.990.000₫,Gaming Aspire 5 A515-58GM-53PZ,,20.490.000₫,
6.139%,Inspiron,"WiFi 802.11ax (Wifi 6) , Bluetooth 5.3",2 kg,"Bàn phím thường , không phím số , LED","Adapter, dây nguồn, HDSD,…",Xanh,"Intel® Core™ 7 150U ( 1.8 GHz - 5.4 GHz / 12MB / 10 nhân, 12 luồng ), Non-EVO",,"16"" ( 1920 x 1200 ) WUXGA WVA , không cảm ứng , 300 nits , Màn hình chống lóa , ComfortView Plus",240403794,1TB SSD M.2 NVMe ( 1 x M.2 NVMe ),,Laptop Dell Inspiron 16 5640 - N5640-C7U161W11IBU (Core 7 150U/ RAM 16GB/ Onboard/ 1TB SSD/ Windows 11 + Office),Văn phòng,Dell,"1 x USB Type C / DisplayPort / Power Delivery
2 x USB 3.2
1 x SD card slot
Audio combo
1 x HDMI",,2 x 8GB DDR5 5200MHz ( 2 Khe cắm / Hỗ trợ tối đa 32GB ),Vân tay,12 tháng,,,,FHD webcam,Windows 11 Home SL + Office Home & Student 2021,https://lh3.googleusercontent.com/uvMbNqbTV8cWkgA4O4_7DV9hBJV5GflOmsxkuzNvaFus70A8uoNGZB8nFyt2wh4xuGbvdQmgo0Ydh-6HPjZuk4MVCVkQxzU=w500-rw,,16.18-17.37 x 356.78 x 249.52 mm,"4 cell 54 Wh , Pin liền",Onboard Intel® UHD Graphics,N5640-C7U161W11IBU,,25.990.000₫,Inspiron 16 5640 - N5640-C7U161W11IBU,,27.690.000₫,
12.51%,VivoBook,"WiFi 802.11ax (Wifi 6) , Bluetooth 5.3",1.4 kg,"Bàn phím Chiclet , không phím số , không đèn","Adapter, dây nguồn,…",Xanh,"Intel® Core™ i3-1215U ( 1.2 GHz - 4.4 GHz / 10MB / 6 nhân, 8 luồng ), Non-EVO",Bảo hành Pin 12 tháng,"14"" ( 1920 x 1080 ) Full HD 16:9 , TN , không cảm ứng , 250 nits , 45% NTSC",231200908,512GB SSD M.2 NVMe ( 1 x M.2 NVMe ),,Laptop ASUS Vivobook 14 X1404ZA-NK386W (i3-1215U/ RAM 8GB/ Onboard/ 512GB SSD/ Windows 11),Văn phòng,ASUS,"1 x USB Type C
2 x USB 3.2
1 x USB 2.0
Audio combo
1 x HDMI",,8GB Onboard DDR4 3200MHz ( 1 Khe cắm / Hỗ trợ tối đa 20GB ),Vân tay,24 tháng,,,không đèn,HD webcam,Windows 11 Home,https://lh3.googleusercontent.com/OfeJ3qwb8u3EIgUh-iTvWuB-GIUZtmnqBCUBTBeYCiZ4_8DxaHDhneKIoWlzIOcoNMIACFMUrEYqRRkr6dfXHDa2jTEfh8qlYg=w500-rw,,32.49 x 21.39 x 1.79 cm,"3 cell 42 Wh , Pin liền",Onboard Intel® UHD Graphics,90NB1001-M00FB0,,10.490.000₫,Vivobook 14 X1404ZA-NK386W,,11.990.000₫,SonicMaster
,Aspire 3,"WiFi 802.11ax (Wifi 6) , Bluetooth",1.4 kg,"Bàn phím thường , không phím số , không đèn",,Bạc,"AMD Ryzen™ 5 7520U ( 2.8 GHz - 4.3 GHz / 4MB / 4 nhân, 8 luồng ), AMD",,"14"" ( 1920 x 1080 ) Full HD IPS , không cảm ứng , Acer ComfyView",230402849,512GB SSD M.2 NVMe ( 1 x M.2 NVMe ),Vỏ kim loại,Laptop Acer Aspire 3 A314-23M-R4TX (NX.KEXSV.001) (AMD Ryzen 5 7520U) (Bạc),Văn phòng,ACER,"1 x USB Type C / DisplayPort / Power Delivery
2 x USB 3.2
Audio combo
1 x HDMI",,8GB Onboard LPDDR5 5200MHz ( 1 Khe cắm / Không nâng cấp được ),,12 tháng,,,không đèn,HD webcam,Windows 11 Home,https://lh3.googleusercontent.com/ABMA7elartkYBP_212noFZ9Gkc5S0GvFgAD2Y034IacoTfs5SbbTQQ7aPgNaGUH10einU0_c-s9qPsE9jnhfK8NaVtarvpNi=w500-rw,,328.3 x 217.15 x 18 mm,"40 Wh , Pin liền",Onboard AMD Radeon 610,NX.KEXSV.001,,13.290.000₫,Aspire 3 A314-23M-R4TX (NX.KEXSV.001),,,
16.675%,VivoBook,"Wi-Fi 6E (802.11ax) , Bluetooth 5.3",1.8 kg,"Bàn phím Chiclet , có phím số , LED",,Đen,"Intel® Core™ i5-12500H ( 2.5 GHz - 4.5 GHz / 18MB / 12 nhân, 16 luồng ), Non-EVO",,"16"" ( 1920 x 1200 ) WUXGA 16:10 , IPS , 144Hz , không cảm ứng , 300 nits , 45% NTSC , Màn hình chống lóa",240802546,512GB SSD M.2 NVMe ( 1 x M.2 NVMe ),,Laptop ASUS Gaming VivoBook K3605ZF-RP634W (i5-12500H/RAM 16GB/GeForce RTX 2050/512GB SSD/ Windows 11),Gaming,ASUS,"1 x USB Type C / Power Delivery
2 x USB 3.2
1 x SD card slot
Audio combo
1 x HDMI",,16GB (8GB + 8GB Onboard) DDR4 ( 1 Khe cắm,,24 tháng,,,không đèn,HD webcam,Windows 11 Home,https://lh3.googleusercontent.com/BlTWFDXDTHffvorgu3A7aZqvGw8WSbuilFbh8mkgC9oDmyNc6cVT4bio71AI-gT-4nV_v2xth1FGChjk_sUNYMZKEGDe-U-a=w500-rw,,35.86 x 24.91 x 1.89 cm,"3 cell 50 Wh , Pin liền",GeForce RTX™ 2050 4GB GDDR6 Intel® UHD Graphics,90NB11E1-M00V70,,17.490.000₫,Gaming VivoBook K3605ZF-RP634W,,20.990.000₫,SonicMaster
20.842%,TUF,"WiFi 802.11ax (Wifi 6) , Bluetooth 5.2",2.2 kg,"Bàn phím thường , không phím số , RGB","Adapter, dây nguồn",Xám,"Intel® Core™ i5-12500H ( 2.5 GHz - 4.5 GHz / 18MB / 12 nhân, 16 luồng ), Non-EVO",Bảo hành Pin 12 tháng,"15.6"" ( 1920 x 1080 ) Full HD 16:9 , IPS , 144Hz , không cảm ứng , Adaptive Sync",230703417,512GB SSD M.2 NVMe ( 2 x M.2 NVMe ),,Laptop gaming ASUS TUF Gaming F15 FX507ZC4-HN074W (i5-12500H/RAM 8GB/GeForce RTX 3050/512GB SSD/ Windows 11),Gaming,ASUS,"1 x USB Type C / DisplayPort
2 x USB 3.2
1 x Thunderbolt 4
Audio combo
1 x HDMI
LAN 1 Gb/s",,1 x 8GB DDR4 3200MHz ( 2 Khe cắm / Hỗ trợ tối đa 32GB ),,24 tháng,,,không đèn,HD webcam,Windows 11 Home,https://lh3.googleusercontent.com/RZ4jKcK7I0siXCDlpAD4-PvwuOVVMj7KgqSJ4d1USsJlt0_l9IyzVmzhppjOnqL8x9TAsQxlufSYDqOVWqJx5fHPteSPkPk=w500-rw,,35.4 x 25.1 x 2.24 ~ 2.49 cm,"4 cell 56 Wh , Pin liền",GeForce RTX™ 3050 4GB GDDR6 Intel® Iris® Xe Graphics 140W,,,18.990.000₫,TUF Gaming F15 FX507ZC4-HN074W,,23.990.000₫,Dolby Atmos
31.074%,Nitro 5,"WiFi 802.11ax (Wifi 6) , Bluetooth 5.1",2.5 kg,"Bàn phím thường , có phím số , RGB",Cáp + Sạc,Đen,"Intel® Core™ i7-12700H ( 2.3 GHz - 4.7GHz / 24MB / 14 nhân, 20 luồng ), Non-EVO",,"15.6"" ( 1920 x 1080 ) Full HD IPS , 144Hz , không cảm ứng",220102149,512GB SSD M.2 NVMe ( 2 x M.2 NVMe ),,Laptop ACER Nitro 5 Tiger AN515-58-773Y (NH.QFKSV.001.16G) (i7-12700H/ RAM 16GB/ GeForce RTX™ 3050Ti/ 512GB SSD/ Windows 11),"Gaming, Đồ họa - Kỹ thuật",ACER,"1 x USB Type C / DisplayPort
3 x USB 3.2
1 x 3.5 mm
1 x HDMI
LAN 1 Gb/s",,2 x 8GB DDR4 3200MHz ( 2 Khe cắm / Hỗ trợ tối đa 32GB ),,12 tháng,,,không đèn,HD webcam,Windows 11 Home,https://lh3.googleusercontent.com/By-Z-mNsxaHA-rGa1NcXUwytuUgCazocgPG0oEZytONRSmhVgC1ztz_qMWJCJrRCdVCMEcrqio1N5-JCCYQFig5jFC_7QcA=w500-rw,,36.04 x 27.109 x 2.59 cm,4 cell 57 Wh,GeForce RTX™ 3050Ti 4GB GDDR6 Intel® UHD Graphics,NH.QFKSV.001,,23.290.000₫,Nitro 5 Tiger AN515-58-773Y (NH.QFKSV.001.16G),,33.790.000₫,DTS X:Ultra Audio
,Swift Go,"Wi-Fi 7 BE , Bluetooth 5.3",1.3 kg,"Bàn phím Chiclet với phím Copilot , không phím số , LED",Cáp + Sạc,Bạc,"Intel® Core™ Ultra 5-125H ( 3.6 GHz - 4.5 GHz / 18MB / 14 nhân, 18 luồng ), Intel AI",,"14"" ( 2880 x 1800 ) 2.8K IPS , 120Hz , không cảm ứng , 400 nits , 100% sRGB , Acer ComfyView",240401748,512GB SSD M.2 NVMe ( 2 x M.2 NVMe ),Vỏ nhôm,Laptop ACER Swift Go AI SFG14-73-53X7 (Ultra 5-125H/RAM 16GB/Onboard/512GB SSD/ Windows 11),Văn phòng,ACER,"2 x USB 3.2
2 x Thunderbolt 4
1 x micro SD card slot
Audio combo
1 x HDMI",,1 x 16GB LPDDR5x 6400MHz Không nâng cấp được ),Vân tay,12 tháng,Intel® AI Boost NPU,,không đèn,QHD webcam,Windows 11 Home SL,https://lh3.googleusercontent.com/kIC_0dD_FDDzAbFkoF9iPNvuh0NKfjLg6PcDiEMO9GucVFOoTXSFYKa7h30OCY8al47QU9Li42oXzfO5rR95G7sHj_Z18jo=w500-rw,,312.9 x 217.9 x 14.9 mm,"4 cell 65 Wh , Pin liền",Onboard Intel® Arc™ Graphics,NX.KSLSV.001,,23.990.000₫,Swift Go AI 2024 Gen 2 SFG14-73-53X7,,,Acer TrueHarmony Technology
15.72%,ZenBook,"WiFi 802.11ax (Wifi 6) , Bluetooth 5.0",1.4 kg,"Bàn phím thường , không phím số , LED",,Bạc,"Intel® Core™ i5-1340P ( 1.9 GHz - 4.6GHz / 18MB / 12 nhân, 16 luồng ), Intel EVO",Bảo hành Pin 12 tháng,"14"" ( 2880 x 1800 ) WQXGA+ 16:10 , 90Hz , không cảm ứng , 600 nits , 100% DCI-P3",230302708,512GB SSD M.2 NVMe ( 1 x M.2 NVMe ),,Laptop Asus ZenBook 14 OLED UX3402VA-KM203W (i5-1340P) (Bạc),Văn phòng,ASUS,"1 x USB 3.2
2 x Thunderbolt 4
1 x micro SD card slot
Audio combo
1 x HDMI",,16GB Onbard LPDDR5 4800MHz,Vân tay,24 tháng,,,không đèn,FHD webcam,Windows 11 Home,https://lh3.googleusercontent.com/LMtJPXIvIuCU_R5saFK0b0wB7OeqhRFnZE97nEXu46s3sMnlO4c0dgbDIwoINVlu-WfSIZyQUxhRIfRFzIpzsJOEnnWm9iw2=w500-rw,,31.36 x 22.06 x 1.69cm,"4 cell 75 Wh , Pin liền",Onboard Intel® Iris® Xe Graphics,90NB10G6-M00970,,23.590.000₫,ZenBook 14 OLED UX3402VA-KM203W,,27.990.000₫,
8.448%,Inspiron,"WiFi 802.11ax (Wifi 6) , Bluetooth 5.3",1.6 kg,"Bàn phím thường , có phím số , LED",,Bạc,"Intel® Core™ i5-1335U ( 1.3 GHz - 4.6 GHz / 12MB / 10 nhân, 12 luồng ), Non-EVO",,"15.6"" ( 1920 x 1080 ) Full HD WVA , 120Hz , không cảm ứng , 250 nits , Màn hình chống lóa",240404256,512GB SSD M.2 NVMe ( 1 x M.2 NVMe ),,Laptop Dell Inspiron 3530 - N5I5489W1 (i5-1335U) (Bạc),Văn phòng,Dell,"1 x USB Type C
1 x USB 3.2
1 x USB 2.0
1 x SD card slot
Audio combo
1 x HDMI",,2 x 8GB DDR4 2666MHz ( 2 Khe cắm,Vân tay,12 tháng,,,,HD webcam,Windows 11 Home SL + Office Home & Student 2021,https://lh3.googleusercontent.com/fqJn8g38BCCRvJ1uB09h8dU4e_UID17CTgO7oYxKDkiO4ou0VAyOJS5Y4lzAtLy3hzLuezSSFTJIEdzn-KfNwtl3iHyKupqA=w500-rw,,358.50 x 234.90 x 17.50 mm,"3 cell 41 Wh , Pin liền",GeForce MX550 2GB GDDR6 Intel® Iris® Xe Graphics,N5I5489W1,,20.590.000₫,Inspiron 3530 - N5I5489W1,,22.490.000₫,
22.588%,Nitro V,"WiFi 802.11ax (Wifi 6) , Bluetooth 5.1",2.1 kg,"Bàn phím thường , có phím số , LED",,Đen,"Intel® Core™ i7-13620H ( 2.4 GHz - 4.9 GHz / 24MB / 10 nhân, 16 luồng ), Non-EVO",,"15.6"" ( 1920 x 1080 ) Full HD IPS , 144Hz , không cảm ứng , Acer ComfyView",231200196,512GB SSD M.2 NVMe ( 2 x M.2 NVMe ),Vỏ nhựa,Laptop gaming ACER Nitro V ANV15-51-75GS (i7-13620H/RAM 16GB/GeForce RTX 4050/512GB SSD/ Windows 11),Gaming,ACER,"3 x USB 3.2
1 x Thunderbolt 4
Audio combo
1 x HDMI
LAN 1 Gb/s",,2 x 8GB DDR5 5200MHz ( 2 Khe cắm / Hỗ trợ tối đa 64GB ),,12 tháng,,,không đèn,HD webcam,Windows 11 Home,https://lh3.googleusercontent.com/QscOIss0Do6jbUXqneZD_TxniwWq6l4nknMSeX16sVwc9-8guPJCgEP8myXG_bGuLze9WYZYFlTnzIEhcbW1CSZ906evn-uP=w500-rw,,362.3 x 239.89 x 22.9 - 26.9 mm,"4 cell 57 Wh , Pin liền",GeForce RTX™ 4050 6GB GDDR6 Intel® UHD Graphics 770,NH.QN8SV.005,,23.990.000₫,Nitro V ANV15-51-75GS,,30.990.000₫,
18.349%,Aspire 3,"WiFi 802.11ac , Bluetooth",1.7 kg,"Bàn phím thường , có phím số",Cáp + Sạc,Bạc,"Intel® Core™ i3-1215U ( 1.2 GHz - 4.4GHz / 10MB / 6 nhân, 8 luồng ), Non-EVO",,"15.6"" ( 1920 x 1080 ) Full HD Acer ComfyView",220909328,512GB SSD M.2 NVMe ( 1 x M.2 NVMe ),,Laptop Acer Aspire 3 A315-59-381E (NX.K6TSV.006) (i3-1215U) (Bạc),,ACER,"3 x USB 3.2
Audio combo
1 x HDMI
LAN 1 Gb/s",,2 x 4GB DDR4 2400MHz ( 2 Khe cắm / Hỗ trợ tối đa 32GB ),,12 tháng,,,không đèn,HD webcam,Windows 11 Home,https://lh3.googleusercontent.com/bD0zpP9PQSkFmi6xvKf55Rg7PYXwkATggHi-7vWvP0BKoJaj3onJhNQx8nmFCqJsj4M4ZJJh2v4CALAczmrzXCPrQola6Jw=w500-rw,,36.29 x 24.126 x 1.99 cm,"3 cell 40 Wh , Pin liền",Onboard Intel® UHD Graphics,NX.K6TSV.006,,9.790.000₫,Aspire 3 A315-59-381E (NX.K6TSV.006),,11.990.000₫,
16.064%,VICTUS,"WiFi 802.11ax (Wifi 6) , Bluetooth 5.3",2.3 kg,"Bàn phím thường , có phím số , RGB","Adapter, dây nguồn,…",Đen,"AMD Ryzen™ 5 7640HS ( 4.3 GHz - 5.0 GHz / 16MB / 6 nhân, 12 luồng ), AMD AI",,"16.1"" ( 1920 x 1080 ) Full HD IPS , 144Hz , 250 nits , 45% NTSC",230803455,512GB SSD M.2 NVMe ( 1 x M.2 NVMe ),,Laptop AI HP Victus 16-s0078AX - 8C5N7PA (Ryzen 5 7640HS/RAM 16GB/GeForce RTX 3050/512GB SSD/Windows 11),Gaming,HP,"1 x USB Type C / DisplayPort / Power Delivery
3 x USB 3.2
1 x SD card slot
Audio combo
1 x HDMI
LAN 1 Gb/s",,2 x 8GB DDR5 5600MHz ( 2 Khe cắm / Hỗ trợ tối đa 64GB ),,12 tháng,Intel® AI Boost NPU,,không đèn,HD webcam,Windows 11 Home,https://lh3.googleusercontent.com/E_ulnQK3yR0N-IXClrabUFGLAkyylz-75ygUyO2RTuuapON2NIYu4DV9PwRBrkps8vb_DM-XXW_LF0_x1BjYVyLXyQYcsumFwQ=w500-rw,,36.9 x 25.94 x 2.29 cm,"4 cell 70 Wh , Pin liền",GeForce RTX™ 3050 6GB GDDR6 AMD Radeon 760M,8C5N7PA,,22.990.000₫,Victus 16-s0078AX - 8C5N7PA,,27.390.000₫,HP Audio Boost
9.381%,Aspire,"WiFi 802.11ac , Bluetooth 5.0",1.7 kg,"Bàn phím thường , có phím số , không đèn","Adapter, dây nguồn, HDSD,…",Đen,"Intel® Core™ i7-1165G7 ( 2.8 GHz - 4.7 GHz / 12MB / 4 nhân, 8 luồng ),",,"15.6"" ( 1920 x 1080 ) Full HD không cảm ứng , Acer ComfyView",240103570,512GB SSD M.2 NVMe ( 1 x M.2 NVMe ),Vỏ nhôm,Laptop ACER Aspire Lite - AL15-51M-75E2 (i7-1165G7/ RAM 16GB/ Onboard/ 512GB SSD/ Windows 11),Văn phòng,ACER,"1 x USB Type C
1 x USB 3.2
2 x USB 2.0
1 x SD card slot
Audio combo
1 x HDMI
LAN 1 Gb/s",,1 x 16GB DDR4 3200MHz ( 2 Khe cắm / Hỗ trợ tối đa 64GB ),Không,12 tháng,,,không đèn,HD webcam,Windows 11 Home SL,https://lh3.googleusercontent.com/0uxYbZZOWO7yS_PWwM7mJ8NDhraw4yZHFd-M61NplEgdDdGTIt4BXJTe_vmuq1-AdPKtrlepg0uaTy3c3ESIjYjxc8tGsOLb=w500-rw,,36.04 x 23.93 x 1.97 cm,"36 Wh , Pin liền",Onboard Intel® Iris® Xe Graphics,NX.KS5SV.002,,14.490.000₫,Aspire Lite - AL15-51M-75E2,,15.990.000₫,
26.323%,Predator,"WiFi 802.11ax (Wifi 6) , Bluetooth 5.1",2.6 kg,"Bàn phím thường , có phím số , RGB 4 vùng",,Đen,"Intel® Core™ i5-13500HX ( 2.5 GHz - 4.7 GHz / 24MB / 14 nhân, 20 luồng ),",,"16"" ( 1920 x 1200 ) WUXGA IPS , 165Hz , 500 nits , 100% sRGB",230903490,512GB SSD M.2 NVMe ( 2 x M.2 NVMe ),,Laptop ACER Predator Helios Neo 16 PHN16-71-53M7 (i5-13500HX/RAM 16GB/GeForce RTX 4060/512GB SSD/ Windows 11),Gaming,ACER,"3 x USB 3.2
2 x Thunderbolt 4
1 x micro SD card slot
Audio combo
1 x HDMI
LAN 1 Gb/s",,2 x 8GB DDR5 4800MHz ( 2 Khe cắm / Hỗ trợ tối đa 32GB ),,12 tháng,,,không đèn,HD webcam,Windows 11 Home,https://lh3.googleusercontent.com/JXqfyu22GfI8VABjdDp0AXi3J2pthZ9yyqFqgCoFIxVTcxTstQo0yvqQ8FHMHS4qh6LOBDnph30_xVxQ0_OCI_BUPZmA8LU=w500-rw,,360.1 x 279.9 x 26.55/28.25 mm,"4 cell 90 Wh , Pin liền",GeForce RTX™ 4060 8GB GDDR6 Intel® UHD Graphics 710,NH.QLUSV.005,,27.990.000₫,Predator Helios Neo PHN16-71-53M7 (NH.QLUSV.005),,37.990.000₫,
7.321%,VivoBook,"WiFi 802.11ax (Wifi 6) , Bluetooth 5.3",1.6 kg,"Bàn phím Chiclet , không phím số , không đèn","Adapter, dây nguồn,…",Bạc,"Intel® Core™ i7-12700H ( 2.3 GHz - 4.7 GHz / 24MB / 14 nhân, 20 luồng ), Non-EVO",,"14"" ( 2800 x 1800 ) 2.8K 16:10 , OLED , không cảm ứng , 600 nits , 100% DCI-P3",240602405,512GB SSD M.2 NVMe ( 1 x M.2 NVMe ),,Laptop ASUS Vivobook 14X OLED A1405ZA-KM263W (i7-12700H/ RAM 16GB/ Onboard/ 512GB SSD/ Windows 11),Văn phòng,ASUS,"1 x USB Type C
2 x USB 3.2
1 x USB 2.0
Audio combo
1 x HDMI",,2 x 8GB DDR4 ( 1 Khe cắm / Hỗ trợ tối đa 24GB ),Khuôn mặt,24 tháng,,,,FHD webcam,Windows 11 Home,https://lh3.googleusercontent.com/NAwdxc51n_6W_fEvyBmOPk9qZ6hcNsAxFbb9JYf2xY0ZLviaSur5cfIPsu1mIx2QZAkEua277MM6QdYri17-crew96_8YcY=w500-rw,,31.71 x 22.20 x 1.99 cm,"3 cell 50 Wh , Pin liền",Onboard Intel® Iris® Xe Graphics,90NB0ZC1-M00BE0,,18.990.000₫,Vivobook 14X OLED A1405ZA-KM263W,,20.490.000₫,SonicMaster
7.268%,ProBook,"WiFi 802.11ax (Wifi 6) , Bluetooth 5.3",1.4 kg,"Bàn phím Chiclet với phím Copilot , không phím số , LED","Adapter, dây nguồn,…",Bạc,"Intel® Core™ Ultra 5-125U ( 1.3 GHz - 4.3 GHz / 12MB / 12 nhân, 14 luồng ), Intel AI",,"14"" ( 1920 x 1200 ) WUXGA IPS , không cảm ứng",240704435,512GB SSD M.2 NVMe ( 1 x M.2 NVMe ),,Laptop HP Probook 440 G11 - A74B5PT (Intel® Core™ Ultra 5-125U/ RAM 16GB/ Onboard/ 512GB SSD/ Windows 11),Văn phòng,HP,"2 x USB Type C / DisplayPort / Power Delivery
2 x USB 3.2
1 x SD card slot
Audio combo
1 x HDMI",,1 x 16GB DDR5 5600MHz ( 2 Khe cắm / Hỗ trợ tối đa 32GB ),Vân tay,12 tháng,Intel® AI Boost NPU,,không đèn,HD webcam,Windows 11 Home,https://lh3.googleusercontent.com/hZoSINM0mvPoIbLMCh2WNkd3ksoBGdxSRsvwztaSI3SIs5VNhU4ZAlOBR9SeR9WMYbUZnaz7eeRNQbLYT84Ku05d0hb0SlvimA=w500-rw,,31.86 x 22.44 x 1.09 cm (front); 31.86 x 22.43 x 1.7 cm (rear),"3 cell 56 Wh , Pin liền",Onboard Intel® Arc™ Graphics,A74B5PT,,21.690.000₫,Probook 440 G11 - A74B5PT,,23.390.000₫,
12.504%,Katana,"WiFi 802.11ax (Wifi 6) , Bluetooth 5.2",2.2 kg,"Bàn phím thường , có phím số , RGB","Balo, Adapter, dây nguồn,...",Đen,"Intel® Core™ i7-13620H ( 2.4 GHz - 4.9GHz / 24MB / 10 nhân, 16 luồng ), Non-EVO",Bảo hành Pin 12 tháng,"15.6"" ( 1920 x 1080 ) Full HD IPS , không cảm ứng",230302448,1TB SSD M.2 NVMe ( 2 x M.2 NVMe ),,Laptop MSI Katana 15 B13VFK - 676VN (i7-13620H/ RAM 16GB/ GeForce RTX™ 4060/ 1TB SSD/ Windows 11),Văn phòng,MSI,"1 x USB Type C / DisplayPort / Power Delivery
2 x USB 3.2
1 x USB 2.0
Audio combo
1 x HDMI
LAN 1 Gb/s",,2 x 8GB DDR5 5200MHz ( 2 Khe cắm / Hỗ trợ tối đa 64GB ),,24 tháng,,,không đèn,HD webcam,Windows 11 Home,https://lh3.googleusercontent.com/6N2Fydb7INDbSyRte8LgEXH1o31smD9fhaEzolool-sBWmYDy9u6qEo5TRf51U1q4hva-6023lsJwLTTcCP4u7WcfYHL53I=w500-rw,,359 x 259 x 24.9 mm,"3 cell 54 Wh , Pin liền",GeForce RTX™ 4060 8GB GDDR6 Intel® UHD Graphics 770 105W,676VN,,27.990.000₫,Katana 15 B13VFK - 676VN,,31.990.000₫,"Nahimic, Hi-Res Audio"
8.003%,Inspiron,"WiFi 802.11ax (Wifi 6) , Bluetooth 5.3",1.6 kg,"Bàn phím thường , không phím số , LED","Adapter, dây nguồn",Xanh,"Intel® Core™ 5 120U ( 1.4 GHz - 5.0 GHz / 12MB / 10 nhân, 12 luồng ), Non-EVO",,"14"" ( 1920 x 1200 ) WUXGA WVA , không cảm ứng , 250 nits , 45% NTSC , ComfyView",240404262,1TB SSD M.2 NVMe ( 1 x M.2 NVMe ),,Laptop Dell Inspiron 14 5440 - 71034769 (Core 5-120U) (Xanh),Văn phòng,Dell,"1 x USB Type C / DisplayPort / Power Delivery
2 x USB 3.2
1 x SD card slot
Audio combo
1 x HDMI
LAN 1 Gb/s",,2 x 8GB DDR5 5200MHz ( 2 Khe cắm,,12 tháng,,,,FHD webcam,Windows 11 Home SL + Office Home & Student 2021,https://lh3.googleusercontent.com/hbmyyQImXlVkRKctAYICin43suLRRebXHAzmvayXgLSQuaNBQg97vqFxihmXc_YXLRx61AGYkOv074ENTXrJ99-B-jVfculgwQ=w500-rw,,314.00 x 226.15 x 17.31 mm,"4 cell 54 Wh , Pin liền",Onboard Intel® Iris® Xe Graphics,71034769,,22.990.000₫,Inspiron 14 5440 - 71034769,,24.990.000₫,Dolby Atmos
25.11%,MacBook Air,"WiFi 802.11ax (Wifi 6) , Bluetooth 5.0",,,,Space Grey,Apple M2 ( 8-Core CPU / 8-Core GPU ),,"13.6"" ( 2560 x 1664 ) | Liquid Retina
FHD webcam",220700048,,,MacBook Air M2 2022 13 inch (8GB/256GB SSD),"Văn phòng, Đồ họa - Kỹ thuật, Doanh nghiệp, Doanh nhân",APPLE,"2 x Thunderbolt , 1 x 3.5 mm , Không",53 Wh,,,12 tháng,,8GB,,,macOS,https://lh3.googleusercontent.com/DrBAHHYLCJuHYgEygkOXvJD6l0kUqvILaJMV6CyHXlGUXKWZKAE7KIaESKUPWOSOoClsiC4drx8eFuZSBulzgalWvBBo96oo=w500-rw,256GB SSD,,,,,,23.890.000₫,"MacBook Air 13.6"" MLXW3SA/A",1.3 kg | 30.41 x 21.5 x 1.13 cm,31.900.000₫,
10.004%,VivoBook,"WiFi 802.11ax (Wifi 6) , Bluetooth 5.0",1.4 kg,"Bàn phím thường , không phím số , LED","Adapter, dây nguồn",Đen,"Intel® Core™ i5-13500H ( 2.7 GHz - 4.5 GHz / 18MB / 12 nhân, 16 luồng ), Non-EVO",Bảo hành Pin 12 tháng,"14"" ( 2880 x 1800 ) WQXGA+ 16:10 , OLED , 90Hz , không cảm ứng , 600 nits , 100% DCI-P3 , Màn hình chống lóa",230401844,512GB SSD M.2 NVMe,,Laptop Asus Vivobook S3405VA-KM072W (i5-13500H) (Đen),Văn phòng,ASUS,"1 x USB Type C / DisplayPort / Power Delivery
2 x USB 3.2
Audio combo
1 x HDMI",,16GB (8GB + 8GB Onboard) DDR4 3200MHz ( 1 Khe cắm / Hỗ trợ tối đa 24GB ),Vân tay,24 tháng,,,không đèn,HD webcam,Windows 11 Home,https://lh3.googleusercontent.com/5_6427LMaT1a6mvWMrb4QyPMeHidVZZalSKS2QirGEaHANiH_Y0gmLgZGUAtOPBlLZRMmNsSqjElyJko6smneR0vHs050lab=w500-rw,,31.71 x 22.25 x 1.89 cm,"3 cell 63 Wh , Pin liền",Onboard Intel® Iris® Xe Graphics,,,20.690.000₫,Vivobook S3405VA-KM072W,,22.990.000₫,SonicMaster
17.003%,Pavilion,"WiFi 802.11ax (Wifi 6) , Bluetooth 5.2",1.7 kg,"Bàn phím thường , có phím số","Adapter, dây nguồn,…",Gold,"Intel® Core™ i7-1260P ( 2.1 GHz - 4.7 GHz / 18MB / 12 nhân, 16 luồng ), Non-EVO",,"15.6"" ( 1920 x 1080 ) Full HD IPS , không cảm ứng , 250 nits , 45% NTSC",221200064,512GB SSD M.2 NVMe ( 1 x M.2 NVMe ),,Laptop HP Pavilion 15-eg2088TU (7C0R0PA) (i7-1260P/ RAM 16GB/ Onboard/ 512GB SSD/ Windows 11),"Văn phòng, Doanh nghiệp, Học sinh - Sinh viên",HP,"1 x USB Type C / DisplayPort / Power Delivery
2 x USB 3.2
Audio combo
1 x HDMI",,2 x 8GB DDR4 3200MHz,,12 tháng,,,không đèn,HD webcam,Windows 11 Home SL,https://lh3.googleusercontent.com/YrdcQk_jKJgWkxQvO_GByBKu_1i265ZS3jxvyx4fxPavyMu-7sDbDrNiEpojv8ZGmlpGy9kB1I1i4N12OfBj2brEkJjgSsXKJw=w500-rw,,36.02 x 23.4 x 1.79 cm,"3 cell 41 Wh , Pin liền",Onboard Intel® Iris® Xe Graphics,7C0R0PA,,20.990.000₫,Pavilion 15-eg2088TU (7C0R0PA),,25.290.000₫,HP Audio Boost
2.44%,ThinkPad,"Wi-Fi 6E (802.11ax) , Bluetooth 5.1",1.4 kg,"Bàn phím thường , không phím số , LED",,Đen,"Intel® Core™ i5-13420H ( 2.1 GHz - 4.6 GHz / 12MB / 8 nhân, 12 luồng ), Non-EVO",,"14"" ( 1920 x 1200 ) WUXGA IPS , không cảm ứng , 300 nits , 45% NTSC , Màn hình chống lóa",240800816,512GB SSD M.2 NVMe ( 2 x M.2 NVMe ),Vỏ nhôm,Laptop Lenovo ThinkPad E14 Gen 5 - 21JK00H5VN (i5-13420H/RAM 16GB/Onboard/512GB SSD/ Windows 11),Văn phòng,Lenovo,"1 x USB Type C / DisplayPort / Power Delivery
1 x USB 3.2
1 x USB 2.0
1 x Thunderbolt 4
Audio combo
1 x HDMI
LAN 1 Gb/s",,16GB (8GB + 8GB Onboard) DDR4 3200MHz ( 1 Khe cắm / Hỗ trợ tối đa 40GB ),"Vân tay, Khuôn mặt",24 tháng,,,không đèn,FHD webcam,"Windows 11 Home SL, English",https://lh3.googleusercontent.com/uHtCYUKc_8ord_pxqOe3KAwBscLDQhIteCYbFII8JfIzIE5eWncITaTxMpy-ykj-Ufl8ZKTNUX-MrW_NXtA2vnNZgULMixqN7A=w500-rw,,313 x 219.3 x 17.99 mm,"47 Wh , Pin liền",Onboard Intel® UHD Graphics,21JK00H5VN,,19.990.000₫,ThinkPad E14 Gen 5 - 21JK00H5VN,,20.490.000₫,Dolby Atmos
11.633%,LOQ,"WiFi 802.11ax (Wifi 6) , Bluetooth 5.2",2.4 kg,"Bàn phím thường , có phím số , LED",,Xám,"Intel® Core™ i5-12450HX ( 2.4 GHz - 4.4 GHz / 12MB / 8 nhân, 12 luồng ), Non-EVO",,"15.6"" ( 1920 x 1080 ) Full HD IPS , 144Hz , không cảm ứng , 300 nits , 100% sRGB , Màn hình chống lóa , G-Sync",240504969,512GB SSD M.2 NVMe ( 2 x M.2 NVMe ),Vỏ nhựa,Laptop gaming Lenovo LOQ 15IAX9 - 83GS001SVN (i5-12450HX/RAM 12GB/GeForce RTX 2050/512GB SSD/ Windows 11),Gaming,Lenovo,"1 x USB Type C / DisplayPort / Power Delivery
3 x USB 3.2
Audio combo
1 x HDMI
LAN 1 Gb/s",,1 x 12GB DDR5 4800MHz ( 2 Khe cắm / Hỗ trợ tối đa 32GB ),,24 tháng,,,,HD webcam,Windows 11 Home SL,https://lh3.googleusercontent.com/5JUDQweseDyNaAswp-9DUoprkuf-otENcJAJsj_i9d5mbBvWOWPhquDgoUHqaASNfeTRZftP1pY1Yj4JdW2uTvkcxPmqs3VU=w500-rw,,359.86 x 258.7 x 21.9-23.9 mm,"60 Wh , Pin liền","GeForce RTX™ 2050 4GB GDDR6 Intel® UHD Graphics 710 ( 1575MHz , 65W",83GS001SVN,,18.990.000₫,LOQ 15IAX9 - 83GS001SVN,,21.490.000₫,Dolby Audio
10.532%,VivoBook,"WiFi 802.11ax (Wifi 6) , Bluetooth 5.3",1.6 kg,"Bàn phím Chiclet , không đèn",,Đen,"AMD Ryzen™ 7 7730U ( 2.0 GHz - 4.5 GHz / 16MB / 8 nhân, 16 luồng ), AMD",,"15.6"" ( 1920 x 1080 ) Full HD 16:9 , OLED , không cảm ứng , 600 nits , 100% DCI-P3 , Màn hình gương",240602767,512GB SSD M.2 NVMe ( 1 x M.2 NVMe ),,Laptop ASUS Vivobook 15X OLED M3504YA-L1332W (Ryzen 7 7730U/RAM 16GB/Onboard/512GB SSD/ Windows 11),Văn phòng,ASUS,"1 x USB Type C / Power Delivery
2 x USB 3.2
1 x USB 2.0
Audio combo
1 x HDMI",,16GB (8GB + 8GB Onboard) DDR4 ( 1 Khe cắm / Hỗ trợ tối đa 16GB ),,24 tháng,,,,HD webcam,Windows 11 Home,https://lh3.googleusercontent.com/-dUp_gFaq-6sZMBkCN3VfmW5sURuM4J4W8XjQ-lg_oGWvZcHd3KuLyDIIVUz2uQPtoy-gumEXn8CR0AIUL890eJRIK3kbnsD2Q=w500-rw,,35.97 x 23.25 x 1.79 cm,"3 cell 50 Wh , Pin liền",Onboard AMD Radeon™ Graphics,90NB1181-M00DW0,,16.990.000₫,Vivobook 15X OLED M3504YA-L1332W,,18.990.000₫,SonicMaster
16.801%,VivoBook,"WiFi 802.11ax (Wifi 6) , Bluetooth 5.0",1.7 kg,"Bàn phím thường , có phím số , không đèn",,Bạc,"Intel® Core™ i3-1315U ( 1.2 GHz - 4.5GHz / 10MB / 6 nhân, 8 luồng ), Non-EVO",Bảo hành Pin 12 tháng,"15.6"" ( 1920 x 1080 ) Full HD 16:9 , không cảm ứng , 45% NTSC , Màn hình chống lóa",230304295,512GB SSD M.2 NVMe ( 1 x M.2 NVMe ),,Laptop ASUS Vivobook 15 X1504VA-NJ069W (i3-1315U/RAM 8GB/512GB SSD/ Windows 11),Văn phòng,ASUS,"1 x USB Type C
2 x USB 3.2
1 x USB 2.0
Audio combo
1 x HDMI",,8GB Onboard DDR4 ( 1 Khe cắm / Hỗ trợ tối đa 8GB ),Vân tay,24 tháng,,,không đèn,HD webcam,Windows 11 Home,https://lh3.googleusercontent.com/SJESY2bFyOZBEsOiLCIsultWq5W634L_6VMQKVjpEOsYd-A6WWbeAEF3tnrQb397Zisu6mg7DVGOZCev71pIkyrRvarLxxE=w500-rw,,35.97 x 23.25 x 1.79 cm,"3 cell 42 Wh , Pin liền",Onboard Intel® UHD Graphics,90NB10J2-M002F0,,11.390.000₫,Vivobook X1504VA-NJ069W,,13.690.000₫,SonicMaster
14.294%,Aspire 5,"WiFi 802.11ax (Wifi 6) , Bluetooth 5.1",1.7 kg,"Bàn phím thường , có phím số , LED","Adapter, dây nguồn, HDSD,…",Xám,"Intel® Core™ i5-13420H ( 2.1 GHz - 4.6 GHz / 12MB / 8 nhân, 12 luồng ), Non-EVO",,"15.6"" ( 1920 x 1080 ) Full HD IPS , 250 nits , 45% NTSC , Acer ComfyView",240101318,512GB SSD M.2 NVMe ( 1 x M.2 NVMe ),Vỏ nhựa,Laptop ACER Aspire 5 A515-58M-56YX (Core i5-13420H/ RAM 16GB/ Onboard/ 512GB SSD/ Windows 11),Văn phòng,ACER,"2 x USB 3.2
1 x Thunderbolt 4
Audio combo
1 x HDMI",,16GB Onboard LPDDR5 4800MHz ( 1 Khe cắm / Không nâng cấp được ),Vân tay,12 tháng,,,,FHD webcam,Windows 11 Home,https://lh3.googleusercontent.com/MpGh4tDnZXsIixEkd6wQ8XObMyk6eEhW3EJ9f5Ix0gJVvOWkSn7nWyGlYgssZKawSS9lTMD6COVTpY8j6vXp0qTeP7GdYKQ=w500-rw,,362.9 x 237.5 x 17.9 mm,"3 cell 50 Wh , Pin liền",Onboard Intel® UHD Graphics,NX.KQ8SV.005,,14.990.000₫,Aspire 5 A515-58M-56YX,,17.490.000₫,Acer TrueHarmony Technology
6.669%,LOQ,"WiFi 802.11ax (Wifi 6) , Bluetooth 5.2",2.4 kg,"Bàn phím thường , có phím số , RGB",,Xám,"Intel® Core™ i7-13650HX ( 2.6 GHz - 4.9 GHz / 24MB / 14 nhân, 20 luồng ), Non-EVO",,"15.6"" ( 1920 x 1080 ) Full HD IPS , 144Hz , không cảm ứng , 300 nits , 100% sRGB , Màn hình gương",240403800,512GB SSD M.2 NVMe ( 2 x M.2 NVMe ),Vỏ nhựa,Laptop Lenovo LOQ 15IRX9 - 83DV00D5VN (i7-13650HX) (Xám),Gaming,Lenovo,"1 x USB Type C / DisplayPort / Power Delivery
3 x USB 3.2
Audio combo
1 x HDMI
LAN 1 Gb/s",,1 x 16GB DDR5 4800MHz ( 2 Khe cắm / Hỗ trợ tối đa 32GB ),,24 tháng,,,,FHD webcam,Windows 11 Home SL,https://lh3.googleusercontent.com/CDDl3ohR0BsjYr-oI_EUAYuOOV4HsLyr5e6ChNG2f5QNsGL-i66WFf4XwL9Odm8QeBoFnH0CVHo6-QguEehBT23MORKy9Ik=w500-rw,,359.86 x 258.7 x 21.9-23.9 mm,"60 Wh , Pin liền","GeForce RTX™ 4050 6GB GDDR6 Intel® UHD Graphics 710 ( 2370 MHz , 105W , 194 AI TOPs )",83DV00D5VN,,30.790.000₫,LOQ 15IRX9 - 83DV00D5VN,,32.990.000₫,Nahimic Audio
4.547%,Nitro V,"WiFi 802.11ax (Wifi 6) , Bluetooth 5.1",2.1 kg,"Bàn phím thường , có phím số , LED","Adapter, dây nguồn, HDSD,…",Đen,"Intel® Core™ i9-13900H ( 2.6 GHz - 5.4 GHz / 24MB / 14 nhân, 20 luồng ), Non-EVO",,"15.6"" ( 1920 x 1080 ) Full HD IPS , 144Hz , không cảm ứng , Acer ComfyView",240404218,512GB SSD M.2 NVMe ( 2 x M.2 NVMe ),Vỏ nhựa,Laptop gaming ACER Nitro V ANV15-51-91T5 (i9-13900H/RAM 16GB/GeForce RTX 4060/512GB SSD/ Windows 11),Gaming,ACER,"3 x USB 3.2
1 x Thunderbolt 4
Audio combo
1 x HDMI
LAN 1 Gb/s",,1 x 16GB DDR5 5200MHz ( 2 Khe cắm / Hỗ trợ tối đa 64GB ),,12 tháng,,,,HD webcam,Windows 11 Home SL,https://lh3.googleusercontent.com/-J84ZqCbfL5FRIypKx20Q6fc7hBgFUVPraXmRjZlUxqEW0zxHjNm-YUIrPwBZJaQACa4CcItaeKUohYadsN8Fci1ONcYVU_79Q=w500-rw,,362.3 x 239.89 x 22.9/26.9 mm,"4 cell 54 Wh , Pin liền",GeForce RTX™ 4060 8GB GDDR6 Intel® Iris® Xe Graphics,NH.QQESV.009,,31.490.000₫,Gaming Nitro V ANV15-51-91T5,,32.990.000₫,
36.564%,MacBook Air,"WiFi 802.11ax (Wifi 6) , Bluetooth 5.0",,,,Space Grey,Apple M1 ( 8-Core CPU / 7-Core GPU ),,"13.3"" ( 2560 x 1600 ) | Retina
HD webcam",201201617,,,MacBook Air M1 2020 13 inch (8GB/256GB SSD),"Văn phòng, Đồ họa - Kỹ thuật, Doanh nghiệp, Doanh nhân",APPLE,"2 x Thunderbolt 3 , 1 x 3.5 mm , 1 x SDXC Card Slot",50 Wh,,,12 tháng,,8GB,,,macOS,https://lh3.googleusercontent.com/FJXZwbdNf3jQLCAxV1sgQ6yizEZ9MJyACl9S27_Wv5qK1p8VXDrO-Jz6kxGFRrpm8xaSYtSLPQO5M_jqISsBXW_3FiQREUc=w500-rw,256GB SSD,,,,,1 x HDMI,18.390.000₫,"Macbook Air 13.3"" MGN63SA/A",1.3 kg | 30.41 x 21.24 x 0.41–1.61 cm,28.990.000₫,
16.673%,Pavilion,"WiFi 802.11ax (Wifi 6) , Bluetooth 5.2",1.4 kg,"Bàn phím thường , không phím số , không đèn","Adapter, dây nguồn,…",Gold,"Intel® Core™ i7-1255U ( 1.7 GHz - 4.7 GHz / 12MB / 10 nhân, 12 luồng ), Non-EVO",,"14"" ( 1920 x 1080 ) Full HD IPS , không cảm ứng , 250 nits , 45% NTSC",221101775,512GB SSD M.2 NVMe ( 1 x M.2 NVMe ),,Laptop HP Pavilion 14-dv2071TU (7C0W0PA) (i7-1255U) (Vàng),"Văn phòng, Doanh nghiệp, Học sinh - Sinh viên",HP,"1 x USB Type C / DisplayPort / Power Delivery
2 x USB 3.2
Audio combo
1 x HDMI",,2 x 8GB DDR4 3200MHz ( 2 Khe cắm,,12 tháng,,,không đèn,HD webcam,Windows 11 Home SL,https://lh3.googleusercontent.com/lo9lrH1VF7-Itie1-WgXS5PQ4WyKq2ieR7EM5pKE-w3vzgoPZz_PmBPpPF7G8z6t3QVeKkiJvcTEofdXYdrUSCc3BRIkY_BN=w500-rw,,32.5 x 21.66 x 1.70 cm,"3 cell 41 Wh , Pin liền",Onboard Intel® Iris® Xe Graphics,7C0W0PA,,20.990.000₫,Pavilion 14-dv2071TU (7C0W0PA),,25.190.000₫,HP Audio Boost
7.945%,Ideapad,"WiFi 802.11ax (Wifi 6) , Bluetooth 5.2",1.9 kg,"Bàn phím Chiclet với phím Copilot , có phím số , LED",,Xám,"Intel® Core™ Ultra 7-155H ( 3.8 GHz - 4.8 GHz / 24MB / 16 nhân, 22 luồng ), Intel AI",,"16"" ( 2048 x 1280 ) 2K OLED , 120Hz , không cảm ứng , 400 nits , 100% DCI-P3 , Màn hình gương",240403799,512GB SSD M.2 NVMe ( 2 x M.2 NVMe ),Vỏ nhôm,Laptop AI Lenovo Ideapad Slim 5 16IMH9 - 83DC001SVN (Ultra 7-155H/RAM 32GB/Onboard/512GB SSD/Windows 11),Văn phòng,Lenovo,"2 x USB Type C / DisplayPort / Power Delivery
2 x USB 3.2
1 x micro SD card slot
Audio combo
1 x HDMI",,32GB Onboard LPDDR5x 7467MHz Không nâng cấp được ),Khuôn mặt,24 tháng,"Intel® AI Boost, up to 11 TOPS",,,FHD webcam,Windows 11 Home SL,https://lh3.googleusercontent.com/zdi2iTw6o1yBTjYmEyh4KU3v7BA1Gk7AdnmTvdQf6peOfF98BPzKSVsIj2_9bD5zu1p17Cl817tstTg7JlLniDbvDxGUjhbA=w500-rw,,356 x 251 x 16.9 mm,"57 Wh , Pin liền",Onboard Intel® Arc™ Graphics,83DC001SVN,,25.490.000₫,Ideapad Slim 5 16IMH9 - 83DC001SVN,,27.690.000₫,Dolby Atmos
5.864%,ZenBook,"WiFi 802.11ax (Wifi 6) , Bluetooth 5.3",,Bàn phím thường,,Xanh,"Intel® Core™ Ultra 5-125H ( 3.6 GHz - 4.5 GHz / 18MB / 14 nhân, 18 luồng ), Intel AI",Bảo hành Pin 12 tháng,"14"" ( 2880 x 1800 ) 16:10 , OLED , 120Hz , không cảm ứng , 600 nits , 100% DCI-P3 , Màn hình gương",231202895,512GB SSD M.2 NVMe ( 1 x M.2 NVMe ),Vỏ kim loại,Laptop AI ASUS Zenbook 14 OLED UX3405MA-PP151W (Ultra 5-125H/RAM 16GB/Onboard/512GB SSD/Windows 11),Văn phòng,ASUS,"1 x USB 3.2
2 x Thunderbolt 4
Audio combo
1 x HDMI",,16GB Onboard LPDDR5x,Khuôn mặt,24 tháng,Intel® AI Boost NPU,,không đèn,FHD webcam,,https://lh3.googleusercontent.com/ovum_JrOHDySFV7glw6TG9gWpFTjTEne5pRgqNMVEFXZbm84j9lMWU2edMEocgBVRxNfet4U3pgEiizvkzJ-D1W6iY7zC9PARw=w500-rw,,,,Onboard Intel® Arc™ Graphics,90NB11R1-M00660,,27.290.000₫,Zenbook 14 OLED UX3405MA-PP151W,,28.990.000₫,Dolby Atmos
7.176%,Ideapad,"WiFi 802.11ax (Wifi 6) , Bluetooth 5.2",1.9 kg,"Bàn phím Chiclet với phím Copilot , có phím số , LED",,Xám,"Intel® Core™ Ultra 5-125H ( 3.6 GHz - 4.5 GHz / 18MB / 14 nhân, 18 luồng ), Intel AI",,"16"" ( 2048 x 1280 ) 2K OLED , 120Hz , không cảm ứng , 400 nits , 100% DCI-P3 , Màn hình gương",240403798,512GB SSD M.2 NVMe ( 2 x M.2 NVMe ),Vỏ nhôm,Laptop AI Lenovo Ideapad Slim 5 16IMH9 - 83DC001RVN (Ultra 5-125H/RAM 16GB/Onboard/512GB SSD/Windows 11),Văn phòng,Lenovo,"2 x USB Type C / DisplayPort / Power Delivery
2 x USB 3.2
1 x micro SD card slot
Audio combo
1 x HDMI",,16GB Onboard LPDDR5x 7467MHz Không nâng cấp được ),Khuôn mặt,24 tháng,"Intel® AI Boost, up to 11 TOPS",,,FHD webcam,Windows 11 Home SL,https://lh3.googleusercontent.com/Ek4OKalFR1q2I1afWniIDATPQrdg6Bki42XEyF-2syTLsEmDyA8NdHYZEEN_v89r4BrrmQVc6cwfvUwzrZkmS5YkyGas2sFS=w500-rw,,356 x 251 x 16.9 mm,"57 Wh , Pin liền",Onboard Intel® Arc™ Graphics,83DC001RVN,,21.990.000₫,Ideapad Slim 5 16IMH9 - 83DC001RVN,,23.690.000₫,Dolby Atmos
12.229%,Vostro,"WiFi 802.11ac , Bluetooth 5.0",1.6 kg,"Bàn phím thường , có phím số , không đèn",,Xám,"Intel® Core™ i5-1335U ( 1.3 GHz - 4.6 GHz / 12MB / 10 nhân, 12 luồng ), Non-EVO",Bảo hành Pin 12 tháng,"15.6"" ( 1920 x 1080 ) Full HD WVA , 120Hz , không cảm ứng , Màn hình chống lóa",230904039,256GB SSD M.2 NVMe ( 1 x M.2 NVMe ),,Laptop Dell Vostro 3530 - V5I5267W1 (i5-1335U/ RAM 8GB/ Onboard/ 256GB SSD/ Windows 11 + Office),Văn phòng,Dell,"1 x USB Type C
1 x USB 3.2
1 x USB 2.0
1 x SD card slot
Audio combo
1 x HDMI
LAN 1 Gb/s",,1 x 8GB DDR4 2666MHz ( 2 Khe cắm / Hỗ trợ tối đa 16GB ),,12 tháng,,,không đèn,HD webcam,Windows 11 Home SL + Office Home & Student 2021,https://lh3.googleusercontent.com/BvufI_kSxiILSkDHPSxEpi1OYEhAJnsfj03qXW7obVs9u35mZSB5EvXq26KHlcBssGIusiHxR2ttagIDg_v3L_RzXDGbyQkv=w500-rw,,358.50 x 235.56 x 2 mm,"3 cell 41 Wh , Pin liền",Onboard Intel® Iris® Xe Graphics,8V5I5267W1,,15.790.000₫,Vostro 3530 - V5I5267W1,,17.990.000₫,Realtek Audio
13.723%,ProBook,"WiFi 802.11ax (Wifi 6) , Bluetooth 5.3",1.8 kg,"Bàn phím thường , có phím số , LED","Adapter, dây nguồn,…",Bạc,"Intel® Core™ i5-1340P ( 1.9 GHz - 4.6 GHz / 12MB / 12 nhân, 16 luồng ), Non-EVO",,"15.6"" ( 1920 x 1080 ) Full HD IPS , cảm ứng",231004216,512GB SSD M.2 NVMe ( 1 x M.2 NVMe ),,Laptop HP ProBook 450 G10 - 873J6PA (i5-1340P) (Bạc),Văn phòng,HP,"2 x USB Type C / DisplayPort / Power Delivery
2 x USB 3.2
Audio combo
1 x HDMI
LAN 1 Gb/s",,1 x 8GB DDR4 3200MHz ( 2 Khe cắm / Hỗ trợ tối đa 32GB ),Vân tay,12 tháng,,,không đèn,HD webcam,Windows 11 Home,https://lh3.googleusercontent.com/HL62Hjkke_mwKJFXijOEHTVC3EgaqmZDrDBlf7Z1ldSM9FCejfxumQ-7r3H9QPJwyT9K1AKUsKuFtBuKlDLwOQ-apJnDX3fmxA=w500-rw,,35.94 x 23.39 x 1.99 cm,"3 cell 51 Wh , Pin liền",Onboard Intel® UHD Graphics,873J6PA,,19.490.000₫,ProBook 450 G10 - 873J6PA,,22.590.000₫,
9.438%,Inspiron,"WiFi 802.11ax (Wifi 6) , Bluetooth 5.2",1.6 kg,"Bàn phím thường , không phím số , không đèn",,Xanh,"Intel® Core™ 7 150U ( 1.8 GHz - 5.4 GHz / 12MB / 10 nhân, 12 luồng ), Non-EVO",,"14"" ( 1920 x 1200 ) WUXGA IPS , không cảm ứng , 250 nits , 45% NTSC , Màn hình chống lóa , ComfyView",240404258,512GB SSD M.2 NVMe ( 1 x M.2 NVMe ),,Laptop Dell Inspiron 5440 G14 - N4I7204W1 (Core 7 150U/ RAM 16GB/ Onboard/ 512GB SSD/ Windows 11 +Office),Văn phòng,Dell,"1 x USB Type C / DisplayPort / Power Delivery
2 x USB 3.1
1 x SD card slot
Audio combo
1 x HDMI",,2 x 8GB DDR5 5200MHz ( 2 Khe cắm / Hỗ trợ tối đa 32GB ),Không,12 tháng,,,,FHD webcam,Windows 11 Home SL + Office Home & Student 2021,https://lh3.googleusercontent.com/tF2bZBVeZ2dAEUVqmbdUJ9pRJOJnaa0-XVi7AzhfXej6Ah5SMzhuDnBI-ttrX7_uKkhad-O2mjG_edrEVhfE1H8B9ZBthOJr=w500-rw,,15.7 x 314 x 227.5mm,"4 cell 54 Wh , Pin liền",Onboard Intel® Iris® Xe Graphics,N4I7204W1,,23.990.000₫,Inspiron 5440 G14 - N4I7204W1,,26.490.000₫,Dolby Atmos
15.5%,Pavilion,"WiFi 802.11ax (Wifi 6) , Bluetooth 5.2",1.7 kg,"Bàn phím thường , có phím số , không đèn",,Vàng đồng,"Intel® Core™ i5-1335U ( 1.3 GHz - 4.6 GHz / 12MB / 10 nhân, 12 luồng ), Non-EVO",,"15.6"" ( 1920 x 1080 ) Full HD IPS , không cảm ứng , 250 nits , 45% NTSC , Màn hình chống lóa",230703940,512GB SSD M.2 NVMe ( 1 x M.2 NVMe ),,Laptop HP Pavilion 15-eg3093TU (8C5L4PA) (i5-1335U) (Vàng),Văn phòng,HP,"1 x USB Type C / DisplayPort / Power Delivery
2 x USB 3.2
Audio combo
1 x HDMI",,2 x 8GB DDR4 3200MHz,,12 tháng,,,không đèn,HD webcam,Windows 11 Home SL,https://lh3.googleusercontent.com/2-to7NTUkThQCy8h-QJYgV7eTMUWAMFT9v335ZoImuSfID1JclpTqt-jSaSd7Cl3IZoAo0KZpqK2KwCclOXtEBWRHVO9PwNj=w500-rw,,36.02 x 23.4 x 1.8 cm,"3 cell 41 Wh , Pin liền",Onboard Intel® Iris® Xe Graphics,8C5L4PA,,17.990.000₫,Pavilion 15-eg3093TU (8C5L4PA),,21.290.000₫,HP Audio Boost
13.96%,Aspire 5,"WiFi 802.11ax (Wifi 6) , Bluetooth 5.1",1.7 kg,"Bàn phím thường , có phím số , LED","Adapter, dây nguồn, HDSD,…",Xám,"Intel® Core™ i5-13420H ( 2.1 GHz - 4.6 GHz / 12MB / 8 nhân, 12 luồng ), Non-EVO",,"15.6"" ( 1920 x 1080 ) Full HD IPS , 144Hz , không cảm ứng , 250 nits , 45% NTSC , Acer ComfyView",240602771,512GB SSD M.2 NVMe ( 2 x M.2 NVMe ),Vỏ nhôm,Laptop ACER Gaming Aspire 5 A515-58GM-598J (i5-13420H/ RAM 16GB/ GeForce RTX™ 2050/ 512GB SSD/ Windows 11),Gaming,ACER,"2 x USB 3.2
1 x Thunderbolt 4
Audio combo
1 x HDMI
LAN 1 Gb/s",,2 x 8GB DDR4 3200MHz ( 2 Khe cắm / Hỗ trợ tối đa 32GB ),Vân tay,12 tháng,,,,FHD webcam,Windows 11 Home,https://lh3.googleusercontent.com/i6qG3bVW58XAC13WT7iyC0LDkPDSY97FbvamufKsvyapNoDez-JCBLzAWlKMA75JEOP2xSSvR3YFeY4Dn51V4Qo8a_NaSSZY=w500-rw,,36.1 x 23.7 x 1.79 cm,"50 Wh , Pin liền",GeForce RTX™ 2050 4GB GDDR6 Intel® Iris® Xe Graphics,NX.KW1SV.002,,18.490.000₫,Gaming Aspire 5 A515-58GM-598J,,21.490.000₫,
3.745%,Inspiron,"WiFi 802.11ax (Wifi 6) , Bluetooth 5.2",1.9 kg,"Bàn phím thường , có phím số , không đèn","Adapter, dây nguồn, HDSD,…",Bạc,"Intel® Core™ i5-1334U ( 1.3 GHz - 4.6 GHz / 12MB / 10 nhân, 12 luồng ), Non-EVO",,"15.6"" ( 1920 x 1080 ) Full HD 120Hz , 250 nits , Màn hình chống lóa",240703463,512GB SSD M.2 NVMe ( 1 x M.2 NVMe ),Vỏ nhôm,Laptop Dell Inspiron 15 3530 N3530-i5U165W11SLU (i5-1334U/RAM 16GB/Onboard/512GB SSD/ Windows 11 + Office),Văn phòng,Dell,"2 x USB 3.2
1 x USB 2.0
1 x SD card slot
Audio combo
1 x HDMI",,2 x 8GB DDR4 2666MHz ( 2 Khe cắm,,12 tháng,,,,HD webcam,Windows 11 Home SL + Office Home & Student 2021,https://lh3.googleusercontent.com/_sEWFUwLkDQcFQjWE1DG4GoGI1K2WGJEe5zo-R87xUV9nefb0jQXO5L4gCPQ3lKp0PlgW31xadEaXqrhzxb7espyYUZAlmXVaw=w500-rw,,16.96 - 18.99 x 358.50 x 235.56 mm,"3 cell 41 Wh , Pin liền",Onboard Intel® UHD Graphics,i5U165W11SLU,,17.990.000₫,Inspiron 15 3530 N3530-i5U165W11SLU,,18.690.000₫,
8.02%,Ideapad,"WiFi 802.11ax (Wifi 6) , Bluetooth 5.2",1.5 kg,"Bàn phím Chiclet với phím Copilot , không phím số , LED",Adapter,Xám,"Intel® Core™ Ultra 5-125H ( 3.6 GHz - 4.5 GHz / 18MB / 14 nhân, 18 luồng ), Intel AI",,"14"" ( 1920 x 1200 ) WUXGA OLED , không cảm ứng , 400 nits , 100% DCI-P3",240602281,1TB SSD M.2 NVMe ( 1 x M.2 NVMe ),Vỏ nhôm,Laptop AI Lenovo IdeaPad Slim 5 14IMH9 - 83DA006TVN (Ultra 5-125H/RAM 16GB/Onboard/1TB SSD/Windows 11),Văn phòng,Lenovo,"2 x USB Type C / DisplayPort / Power Delivery
2 x USB 3.2
1 x micro SD card slot
Audio combo
1 x HDMI",,16GB Onboard LPDDR5x 7467MHz,Khuôn mặt,24 tháng,"Intel® AI Boost, up to 11 TOPS",,,FHD webcam,"Windows 11 Home 64, English",https://lh3.googleusercontent.com/Zfa8C4N51KUD4qNYxSrw1pjQA8-DSIxzxp269dgExQ0YYxax9k8n47UiII-ej_AfsOgCb7t69z49RddJIMxBDfdpaOwSqY2-=w500-rw,,31.2 x 22.1 x 1.69 cm,"3 cell 57 Wh , Pin liền",Onboard Intel® Arc™ Graphics,83DA006TVN,,21.790.000₫,IdeaPad Slim 5 14IMH9 - 83DA006TVN,,23.690.000₫,Dolby Atmos
11.561%,14/15 Series,"WiFi 802.11ax (Wifi 6) , Bluetooth",1.6 kg,"Bàn phím thường , có phím số , không đèn","Adapter, dây nguồn, HDSD,…",Bạc,"Intel® Core™ i7-1355U ( 1.7 GHz - 5.0 GHz / 12MB / 10 nhân, 12 luồng ),",,"15.6"" ( 1920 x 1080 ) Full HD IPS , 250 nits , 45% NTSC",230903465,512GB SSD M.2 NVMe ( 1 x M.2 NVMe ),,Laptop HP 15-fd0083TU - 8D736PA (i7-1355U/ RAM 16GB/ Onboard/ 512GB SSD/ Windows 11),Văn phòng,HP,"1 x USB Type C
2 x USB 3.2
1 x SD card slot
Audio combo
1 x HDMI",,2 x 8GB DDR4 3200MHz ( 2 Khe cắm / Hỗ trợ tối đa 32GB ),,12 tháng,,,không đèn,HD webcam,Windows 11 Home,https://lh3.googleusercontent.com/ade3ft9gqZHMA1LaoGHYUv5-YXlDi592JRLfp3Yo0n0FPsyBbbUvK5r-zuArGwlfAYdvGaMAcM5vmsYD78-kN8jjHaiJCIg=w500-rw,,35.98 x 23.6 x 1.86 cm,"3 cell 41 Wh , Pin liền",Onboard Intel® UHD Graphics,8D736PA,,19.890.000₫,15-fd0083TU - 8D736PA,,22.490.000₫,
22.773%,VICTUS,"WiFi 802.11ax (Wifi 6) , Bluetooth 5.3",2.2 kg,"Bàn phím thường , có phím số , LED",Adapter,Đen,"Intel® Core™ i5-12450H ( 2.0 GHz - 4.4 GHz / 12MB / 8 nhân, 12 luồng ), Non-EVO",,"15.6"" ( 1920 x 1080 ) Full HD IPS , 144Hz , không cảm ứng , 250 nits , 45% NTSC , Màn hình chống lóa",231103546,512GB SSD M.2 NVMe ( 1 x M.2 NVMe ),,Laptop gaming HP Victus 15-fa1139TX - 8Y6W3PA (i5-12450H/RAM 16GB/GeForce RTX 2050/512GB SSD/ Windows 11),Văn phòng,HP,"1 x USB Type C / DisplayPort
2 x USB 3.2
1 x SD card slot
Audio combo
1 x HDMI
LAN 1 Gb/s",,2 x 8GB DDR4 3200MHz,,12 tháng,,,không đèn,HD webcam,Windows 11 Home SL,https://lh3.googleusercontent.com/1blMbmuoIcpb4SNkT878IlizWneOTHOEOK9T64zsCy_OOfM4kY1FfSGApqK_FTzZMzYeXVze4JfPPeVcqjxhdpOHZwtJM4E=w500-rw,,35.8 x 25.5 x 2.35 cm,"3 cell 52 Wh , Pin liền",GeForce RTX™ 2050 4GB GDDR6 Intel® UHD Graphics,8Y6W3PA,,18.990.000₫,Victus 15-fa1139TX - 8Y6W3PA,,24.590.000₫,HP Audio Boost
4.548%,VivoBook,"WiFi 802.11ax (Wifi 6) , Bluetooth 5.3",1.7 kg,"Bàn phím Chiclet , không đèn","Adapter, dây nguồn,…",Bạc,"Intel® Core™ i7-13700H ( 2.4 GHz - 5.0 GHz / 24MB / 14 nhân, 12 luồng ), Non-EVO",,"15.6"" ( 2800 x 1800 ) 2.8K 16:9 , OLED , không cảm ứng , 600 nits , 100% DCI-P3",240602414,512GB SSD M.2 NVMe ( 1 x M.2 NVMe ),,Laptop ASUS VivoBook 15 OLED A1505VA-MA492W (i7-13700H/ RAM 16GB/ Onboard/ 512GB SSD/ Windows 11),Văn phòng,ASUS,"1 x USB Type C
2 x USB 3.2
1 x USB 2.0
Audio combo
1 x HDMI",,2 x 8GB DDR4 ( 1 Khe cắm / Hỗ trợ tối đa 24GB ),Khuôn mặt,24 tháng,,,,FHD webcam,Windows 11 Home,https://lh3.googleusercontent.com/OB1pHKvaXR1Bt1T2C1LfSMn8NQSJ4t0OruqPEXmst1Ol68INQ32p4W4WROw-bGBoKDSPzcASV_NFCu5AMGGPXSdgx76m57bW=w500-rw,,35.68 x 22.76 x 1.99 cm,"3 cell 50 Wh , Pin liền",Onboard Intel® Iris® Xe Graphics,90NB10P2-M00LE0,,20.990.000₫,VivoBook 15 OLED A1505VA-MA492W,,21.990.000₫,SonicMaster
32.516%,Aspire 5,"WiFi 802.11ax (Wifi 6) , Bluetooth",1.4 kg,"Bàn phím thường , LED",,Xám,"Intel® Core™ i5-1235U ( 1.3 GHz - 4.4GHz / 12MB / 10 nhân, 12 luồng ), Non-EVO",,"14"" ( 1920 x 1080 ) Full HD IPS",220802884,512GB SSD M.2 NVMe ( 1 x M.2 NVMe ),Vỏ kim loại,Laptop ACER Aspire 5 A514-55-5954 (i5-1235U/RAM 8GB/Onboard/512GB SSD/ Windows 11),,ACER,"3 x USB 3.2
1 x Thunderbolt 4
Audio combo
1 x HDMI
LAN 1 Gb/s",,8GB (4GB + 4GB Onboard) DDR4 2666MHz ( 1 Khe cắm / Hỗ trợ tối đa 20GB ),Vân tay,12 tháng,,,,HD webcam,Windows 11 Home,https://lh3.googleusercontent.com/FKyF9B1M8gMxnO95DaYUJ2h2kbRyVlIJykzAxXXtTcaOu9ogfh1p3HilXDeUBM6JzcARRTVbJ5291Dfaxyx6Gj6qyya47CI=w500-rw,,32.81 x 22.12 x 1.79 cm,"3 cell 50 Wh , Pin liền",Onboard Intel® Iris® Xe Graphics,NX.K5BSV.001,,13.490.000₫,Aspire 5 A514-55-5954 (NX.K5BSV.001),,19.990.000₫,Acer Purified Voice
17.987%,VICTUS,"WiFi 802.11ax (Wifi 6) , Bluetooth 5.3",2.3 kg,"Bàn phím thường , có phím số , không đèn",,Đen,"Intel® Core™ i5-13450HX ( 2.4 GHz - 4.6GHz / 20MB / 10 nhân, 16 luồng ), Non-EVO",,"16.1"" ( 1920 x 1080 ) Full HD IPS , 144Hz , không cảm ứng , 250 nits , 45% NTSC , Màn hình chống lóa",240603142,512GB SSD M.2 NVMe ( 1 x M.2 NVMe ),,Laptop gaming HP Victus 16-r0128TX - 8C5N3PA (i5-13450HX/RAM 16GB/GeForce RTX 4050/512GB SSD/ Windows 11),Gaming,HP,"1 x USB Type C / DisplayPort / Power Delivery
3 x USB 3.2
Audio combo
1 x HDMI
LAN 1 Gb/s",,2 x 8GB DDR5 4800MHz,,12 tháng,,,không đèn,FHD webcam,Windows 11 Home SL,https://lh3.googleusercontent.com/KGqk74SUV07UBXjqf1H4laM6J4ctSkBLoPMiHu3FYPxs3g2Ucxka8P749TozQ9VwVzrkJ5k5voPWWSus3u-O7a3uasLOzx00=w500-rw,,36.9 x 25.94 x 2.39 cm,"4 cell 70 Wh , Pin liền",GeForce RTX™ 4050 6GB GDDR6 Intel® UHD Graphics 710,8C5N3PA,,25.990.000₫,Victus 16-r0128TX - 8C5N3PA,,31.690.000₫,HP Audio Boost
7.004%,Swift Lite,"WiFi 802.11ax (Wifi 6) , Bluetooth 5.1",1.3 kg,"Bàn phím Chiclet với phím Copilot , không phím số , không đèn",Cáp + Sạc,Bạc,"Intel® Core™ Ultra 5-125H ( 1.3 GHz - 4.3 GHz / 12MB / 12 nhân, 14 luồng ), Intel AI",,"14"" ( 1920 x 1200 ) WUXGA 16:10 , IPS , không cảm ứng , 300 nits , 45% NTSC , Acer ComfyView",240903731,512GB SSD M.2 NVMe ( 1 x M.2 NVMe ),Vỏ nhôm,Laptop ACER Swift Lite 14 AI SFL14-51M-56HS (Ultra 5-125U/RAM 16GB/Onboard/512GB SSD/ Windows 11),Văn phòng,ACER,"1 x USB Type C / DisplayPort
3 x USB 3.2
1 x micro SD card slot
Audio combo
1 x HDMI",,2 x 8GB DDR5 5600MHz ( 2 Khe cắm / Hỗ trợ tối đa 32GB ),,12 tháng,Intel® AI Boost NPU,,không đèn,FHD webcam,Windows 11 Home SL,https://lh3.googleusercontent.com/XYISynRsDZRXHmRVIfbxGEIuMOG3l7EhUId6qdfvoUoKzVdQTUujOi-WZxYYItWyHv5lCCKDc4IHM0sgujTpu3Ax3skFwVrc=w500-rw,,314.4 x 221.9 x 17.5/17.5 mm,"3 cell 58 Wh , Pin liền",Onboard Intel® Arc™ Graphics,,,18.590.000₫,Swift Lite 14 SFL14-51M-56HS,,19.990.000₫,
23.65%,Pavilion X360,"WiFi 802.11ax (Wifi 6) , Bluetooth 5.3",1.5 kg,"Bàn phím thường , LED",,Gold,"Intel® Core™ 5 120U ( 1.4 GHz - 5.0 GHz / 12MB / 10 nhân, 12 luồng ), Non-EVO",,"14"" ( 1920 x 1080 ) Full HD IPS , cảm ứng , 300 nits , 62.5% sRGB , Màn hình gương",240602769,512GB SSD M.2 NVMe ( 1 x M.2 NVMe ),,Laptop AI HP Pavilion X360 14-ek2024TU - 9Z2V6PA (Core 5 120U/RAM 16GB/Onboard/512GB SSD/Windows 11),Văn phòng,HP,"1 x USB Type C / DisplayPort / Power Delivery
2 x USB 3.2
1 x micro SD card slot
Audio combo
1 x HDMI",,16GB Onboard DDR4 3200MHz,Vân tay,12 tháng,,,,HD webcam,Windows 11 Home SL,https://lh3.googleusercontent.com/9nbaHw4fp0PFZiduIvMyNhlssoF-aaXsNvFpKzYKeVnkLv9_AOAKeZ3mhSLgqIB7m2m9KzjI29Ur4IYxY6wSm4FdUWwwMgexTQ=w500-rw,,32.2 x 21.0 x 1.99 cm,"3 cell 43 Wh , Pin liền",Onboard Intel® Iris® Xe Graphics,9Z2V6PA,,23.890.000₫,Pavilion X360 14-ek2024TU - 9Z2V6PA,,31.290.000₫,HP Audio Boost
12.293%,ProBook,"WiFi 802.11ax (Wifi 6) , Bluetooth",1.4 kg,"Bàn phím thường , không phím số , LED","Adapter, dây nguồn,…",Bạc,"Intel® Core™ i5-1340P ( 1.9 GHz - 4.6 GHz / 12MB / 12 nhân, 16 luồng ), Non-EVO",,"14"" ( 1920 x 1080 ) Full HD IPS , cảm ứng",240602782,512GB SSD M.2 NVMe ( 1 x M.2 NVMe ),,Laptop HP ProBook 440 G10 - 873B2PA (i5-1340P/ RAM 16GB/ Onboard/ 512GB SSD/ Windows 11),Văn phòng,HP,"2 x USB Type C / DisplayPort / Power Delivery
2 x USB 3.2
1 x SD card slot
Audio combo
1 x HDMI
LAN 1 Gb/s",,1 x 16GB DDR4 3200MHz ( 2 Khe cắm / Hỗ trợ tối đa 32GB ),Vân tay,12 tháng,,,,FHD webcam,Windows 11 Home,https://lh3.googleusercontent.com/3frj5EOkXWwhsOG5qjuHzBPXJK5XzFtvR1ezyynQY4IrjxKmSTH-_bbPdiW8UOBaSXCR0-8EXv2Sb0gfjCC3UwXgIXtqm5Q5=w500-rw,,32.19 x 21.39 x 1.99 cm,"3 cell 51 Wh , Pin liền",Onboard Intel® Iris® Xe Graphics,873B2PA,,20.690.000₫,ProBook 440 G10 - 873B2PA,,23.590.000₫,
8.337%,VivoBook,"WiFi 802.11ax (Wifi 6) , Bluetooth 5.0",1.7 kg,"Bàn phím thường , có phím số , không đèn",,Bạc,"Intel® Core™ i9-13900H ( 2.6 GHz - 5.4GHz / 24MB / 14 nhân, 20 luồng ), Non-EVO",Bảo hành Pin 12 tháng,"15.6"" ( 1920 x 1080 ) Full HD không cảm ứng , 600 nits , 100% DCI-P3",230302706,512GB SSD M.2 NVMe ( 1 x M.2 NVMe ),,Laptop ASUS Vivobook 15 OLED A1505VA-L1201W (i9-13900H/RAM 16GB/512GB SSD/ Windows 11),Văn phòng,ASUS,"1 x USB Type C / DisplayPort / Power Delivery
2 x USB 3.2
1 x USB 2.0
Audio combo
1 x HDMI",,16GB (8GB + 8GB Onboard) DDR4 3200MHz ( 1 Khe cắm / Hỗ trợ tối đa 24GB ),Vân tay,24 tháng,,,không đèn,HD webcam,Windows 11 Home,https://lh3.googleusercontent.com/ip2uOp1h2aEmu2Q6GsLABd3_Ul_dPR-seWecL-p3rA8hZ0yNTlGzDf9dlgbe89-EzYheq2BYiSNwwP1DJjVjT6bUSouGMlEm=w500-rw,,35.68 x 22.76 x 1.99cm,"3 cell 50 Wh , Pin liền",Onboard Intel® Iris® Xe Graphics,90NB10P2-M007W0,,21.990.000₫,Vivobook A1505VA-L1201W,,23.990.000₫,SonicMaster
13.897%,Thin 15,"WiFi 802.11ax (Wifi 6) , Bluetooth 5.3",1.8 kg,"Có phím Copilot , không phím số , LED",Adapter,Xám,"Intel® Core™ i5-12450H ( 2.0 GHz - 4.4 GHz / 12MB / 8 nhân, 12 luồng ), Non-EVO",,"15.6"" ( 1920 x 1080 ) Full HD IPS , 144Hz , không cảm ứng",240403801,"512GB SSD M.2 NVMe ( 1 x 2.5"" SATA /( 1 x M.2 NVMe )",,Laptop MSI Thin 15 B12UCX-1419VN (i5-12450H) (Xám),Gaming,MSI,"1 x USB Type C / DisplayPort
3 x USB 3.2
Audio combo
1 x HDMI
LAN 1 Gb/s",,1 x 8GB DDR4 3200MHz ( 2 Khe cắm / Hỗ trợ tối đa 64GB ),,24 tháng,,,,HD webcam,Windows 11 Home,https://lh3.googleusercontent.com/_Ikc-9_gjqBuylee1RA3R2TgmocWGBll0wkXqC9Eg_NPjoC79eJY80mp9h3HsEpU3B3rnFX5RwAUdOS4-vlpSYqXi425ly0DzQ=w500-rw,,359 x 254 x 21.7 mm,"3 cell 52 Wh , Pin liền","GeForce RTX™ 2050 4GB GDDR6 Intel® UHD Graphics ( 1170MHz , 45W",1419VN,,15.490.000₫,Thin 15 B12UCX-1419VN,,17.990.000₫,Hi-Res Audio
27.43%,Swift 3,"WiFi 802.11ax (Wifi 6) , Bluetooth 5.2",1.2 kg,"Bàn phím thường , LED",,Bạc,"Intel® Core™ i5-1240P ( 1.7 GHz - 4.4GHz / 12MB / 12 nhân, 16 luồng ), Intel EVO",,"14"" ( 2560 x 1440 ) Quad HD (2K) IPS , Acer ComfyView",220800005,512GB SSD M.2 NVMe ( 1 x M.2 NVMe ),,Laptop ACER Swift 3 SF314-512-56QN (NX.K0FSV.002) (i5-1240P/ RAM 16GB/ Onboard/ 512GB SSD/ Windows 11),"Văn phòng, Học sinh - Sinh viên, Doanh nhân",ACER,"2 x USB 3.2
2 x Thunderbolt 4
Audio combo
1 x HDMI",,16GB LPDDR4X 4267MHz,Vân tay,12 tháng,,,,FHD webcam,Windows 11 Home,https://lh3.googleusercontent.com/wHTLEfLn144LYVUFD1w3igspoB81N70w-OXb5sJd2gcsBOor7ue35cDNKqdiB6zD7hJOGr2ksODAfd8a_9NCut_WMZj_2dw=w500-rw,,32.1 x 21.08 x 1.59 cm,"56 Wh , Pin liền",Onboard Intel® Iris® Xe Graphics,NX.K0FSV.002,,17.990.000₫,Swift 3 SF314-512-56QN (NX.K0FSV.002),,24.790.000₫,Acer TrueHarmony Technology
6.125%,Inspiron,"WiFi 802.11ax (Wifi 6) , Bluetooth 5.3",1.6 kg,"Bàn phím thường , không phím số , LED",,Xanh,"Intel® Core™ 5 120U ( 1.4 GHz - 5.0 GHz / 12MB / 10 nhân, 12 luồng ), Non-EVO",,"14"" ( 1920 x 1200 ) WUXGA IPS , không cảm ứng , 250 nits , 45% NTSC , Màn hình chống lóa , ComfyView",240404257,512GB SSD M.2 NVMe ( 1 x M.2 NVMe ),,Laptop Dell Inspiron 5440 G14 - N4I5211W1 (Core 5-120U) (Xanh),Văn phòng,Dell,"1 x USB Type C / DisplayPort / Power Delivery
2 x USB 3.2
1 x SD card slot
Audio combo
1 x HDMI",,2 x 8GB DDR5 5200MHz ( 2 Khe cắm / Hỗ trợ tối đa 32GB ),,12 tháng,,,,FHD webcam,Windows 11 Home SL + Office Home & Student 2021,https://lh3.googleusercontent.com/K4T4tF8P_QVIrG2nUX3diNPd_eVX5D4J4ktAGLpsnnChJD1wyaQsddU9pqGHUfqnxyl2EUOoukaTVhP2pVueltlEPt5T7lrhsA=w500-rw,,314 x 226.15 x 18.90 cm,"4 cell 54 Wh , Pin liền",Onboard Intel® Iris® Xe Graphics,N4I5211W1,,22.990.000₫,Inspiron 5440 G14 - N4I5211W1,,24.490.000₫,Dolby Atmos
